 #,Song,Artist,BPM,Camelot,Energy,Added At,Duration,Popularity,Genres,Parent Genres,Album,Album Date,Dance,Acoustic,Instrumental,Valence,Speech,Live,Loud (Db),Key,Time Signature,Spotify Track Id,Label,ISRC,Contributor
1,Changes - 2015 Remaster,David Bowie,114,8B,31,2025-04-16,03:37,68,"glam rock, art rock",Rock,Hunky Dory (2015 Remaster),1971-12-17,56,51,0,41,0,10,-12,C,4,0LrwgdLsFaWh9VXIjBRe8t,Parlophone UK,USJT11500128,Puffy
2,Outshined - Remastered 2016,Soundgarden,95,7A,84,2025-04-21,05:11,64,"grunge, post-grunge, hard rock",Rock,Badmotorfinger (25th Anniversary Remaster),1991-10-08,49,0,1,55,0,10,-6,D minor,4,4VwPsMcRt1HPVKIdcwY9Uj,A&M,USAM19104304,Sam
3,Where am I,Ichika Nito,97,5A,51,2025-04-21,02:56,23,math rock,Rock,Journey,2018-08-12,79,55,75,53,0,40,-16,C minor,4,6rvfF5VtVI4ZEdORSori7l,Ichika Nito,TCJPH1857715,Sam
4,The Parting Glass,"The Longest Johns, Natalie Holmes",42,10B,17,2025-04-21,03:18,2,"sea shanties, folk","Folk, Traditional Music",C-Sides,2023-05-30,40,85,0,28,10,10,-11,D,4,1XSXQVGXFYmMeiFOD16GJv,The Longest Johns Ltd,UKPGJ2200067,Sam
5,Hard Times Come Again No More,The Longest Johns,168,10B,47,2025-04-21,04:43,34,"sea shanties, folk","Folk, Traditional Music",Smoke & Oakum,2022-01-28,52,36,0,52,0,10,-9,D,4,3Riq4RZQVNR4nNmik5WbnA,Decca (UMO),GBUM72105340,Sam
6,Ain't Misbehavin',Fats Waller,98,5A,22,2025-04-21,03:57,51,"swing music, ragtime, big band, jazz",Jazz,"If You Got To Ask, You Ain't Got It!",1926-00-00,52,82,0,35,0,10,-17,C minor,4,3BFRqZFLSrqtQr6cjHbAxU,Bluebird/Legacy,USBB10000483,Sam
7,Everybody's Talkin',"Crosby, Stills & Nash",98,1B,14,2025-04-21,03:13,35,"folk rock, yacht rock","Folk, Rock, Pop","Crosby, Stills & Nash",1969-05-29,59,95,1,11,0,10,-18,B,4,2moQAQK2TFktQZY0aDmFC9,Rhino Atlantic,USAT20506568,Sam
8,Jazz Hands,"Aesop Rock, Blockhead",73,8A,79,2025-04-21,03:24,30,"underground hip hop, experimental hip hop, alternative hip hop, trip hop, downtempo, plunderphonics, nu jazz","Hip Hop, Electronic, Jazz",Garbology,2021-11-12,43,9,0,56,10,10,-6,A minor,4,6pgNNxR18ouQZlaSIPKFGz,Rhymesayers,USBWK2100084,Sam
9,E. S. P.,Masayoshi Takanaka,119,11A,52,2025-04-27,04:11,51,"jazz fusion, city pop, jazz funk","Pop, Jazz, R&B, Electronic, Rock",AN INSATIABLE HIGH,1977-00-00,80,20,8,93,0,0,-14,F#/G♭ minor,4,4ZNYJOxZ1Sy31bONMhaxJo,Universal Music LLC,JPKT07701204,Eunice
10,I Just Threw Out The Love Of My Dreams,Weezer,130,11A,97,2025-04-27,02:37,72,alternative rock,Rock,Pinkerton - Deluxe Edition,1996-09-24,41,0,0,28,10,10,-4,F#/G♭ minor,4,35SRuRfp5BvD1yArmXKNHO,Geffen,USUM71021458,Eunice
11,"Jongno Calling (feat. 이현송, Horan, Jung Woo, 이이언, CRYING NUT, Galaxy Express, Bosudongcooler, 데디오레디오, Romantic Punch, ROCK N ROLL RADIO, Lazybone & YEOJEONG)","Captainrock, 이현송, Horan, Jung Woo, eAeon, CRYING NUT, Galaxy Express, Bosudongcooler, 데디오레디오, Romantic Punch, Rock N Roll Radio, Lazybone, YEOJEONG",126,12B,65,2025-04-30,03:49,11,"k-rock, ska punk","Rock, Reggae",Jongno Calling,2019-06-20,67,87,0,90,0,30,-4,E,4,6JGaDHIagC4sxqizFlluyW,CaptainRock Company,KRMIM1910149,Eunice
12,Oh Fudge,"Aesop Rock, Blockhead",158,3A,85,2025-05-06,03:02,28,"underground hip hop, experimental hip hop, alternative hip hop, trip hop, downtempo, plunderphonics, nu jazz","Hip Hop, Electronic, Jazz",Garbology,2021-11-12,67,17,0,68,20,0,-5,A#/B♭ minor,4,0TbUn96jyJnHYdDK61TuF2,Rhymesayers,USBWK2100089,Sam
13,Mah Na Mah Na,Mahna Mahna and The Two Snowths,93,9A,44,2025-05-07,02:04,50,,,The Muppets (Original Motion Picture Soundtrack),2011-11-21,76,73,12,59,10,0,-10,E minor,4,4rVrHxLGV2iSN4nJtI9hKh,Walt Disney Records,USWD11158969,Kathryn
14,Harpy Hare,Yaelokre,130,10B,53,2025-05-07,03:00,5,,,Harpy Hare,2024-01-04,65,64,0,35,0,20,-12,D,4,35I2E525yJpUQ5ZJgfxizT,Independent,QZWFP2367225,Kathryn
15,Everytime We Touch - Nightcore & KYANU Edit,"Cascada, KYANU",178,8B,96,2025-05-07,02:28,61,"europop, eurodance, nightcore, hypertechno","Electronic, Pop",Nightcore,2015-09-11,52,1,0,55,10,40,-6,C,4,40aG6sP7TMy3x1J1zGW8su,Zoopreme,DEHK91586911,Kathryn
16,The Devil Went Down to Georgia,The Charlie Daniels Band,134,8B,63,2025-05-07,03:34,67,"southern rock, outlaw country, classic country, country rock, country","Country, Rock",A Decade Of Hits,1988-08-10,52,16,0,92,0,0,-9,C,4,383Xl5QTigwj3QiA3Qc6S7,Epic/Legacy,USSM17900810,Miller
17,Stupid for You,Waterparks,118,12A,92,2025-05-07,03:11,55,pop punk,"Pop, Rock",Double Dare,2016-11-03,58,2,0,60,0,20,-3,C♯/D♭ minor,4,1N7Aep1OewK9diaN9WbuuR,Equal Vision Records,US3X51636703,Miller
18,後悔,Satoko Shibata,102,11B,63,2025-05-07,02:41,34,"japanese indie, shibuya-kei","Pop, Rock, Electronic",愛の休日,2017-05-17,72,47,0,89,0,10,-5,A,4,6Qm1avnZnDVZkDsvKVbcls,IDEAL MUSIC LLC. / P-VINE RECORDS,JPV501700147,Shelbie
19,Afrique,Count Basie,144,4B,51,2025-05-08,03:06,3,"big band, swing music, jazz, vocal jazz",Jazz,Afrique,1971-01-01,71,59,2,77,0,10,-8,G#/A♭,1,1zAMAi5rFHfdBJmLA1tLdE,Ace Records,GB03A1300762,Shelbie
20,A Horny Money World ～伝説の夜～,Houshou Marine,145,3B,96,2025-05-12,03:16,54,"j-pop, vocaloid","Pop, Electronic",Ahoy!! キミたちみんなパイレーツ♡,2024-10-16,76,16,0,96,10,30,-2,C♯/D♭,4,6LEtKyIFzzigjaD142Nibx,cover corp.,JPV752409085,Micah
21,WINNER！ゴジュウジャー！,Wienners,190,8A,99,2025-05-12,03:31,46,j-rock,Rock,ナンバーワン戦隊ゴジュウジャー 主題歌,2025-03-19,60,2,0,52,10,30,-1,A minor,4,1XMNGyamTbJj6Bv3FQBt3I,"Nippon Columbia Co., Ltd.",JPCO02501140,Micah
22,Graceland Too,Phoebe Bridgers,150,6B,34,2025-05-13,03:56,66,,,Punisher,2020-06-18,45,87,0,35,0,10,-10,A#/B♭,4,1WCjhRs2WBgyeGaybCX2Po,Dead Oceans,USJ5G2020010,TJ
23,Spring Into Summer,Lizzy McAlpine,92,10B,57,2025-05-13,04:22,79,,,Older (and Wiser),2024-10-04,52,61,0,23,0,10,-7,D,4,6oCXDaFZYL7sHnowv6pdXb,Indigo Blue/RCA Records,USRC12402627,TJ
24,Primadonna,MARINA,128,9A,69,2025-05-31,03:41,73,,,Electra Heart (Deluxe),2012-04-27,66,9,0,43,0,0,-3,E minor,4,4sOX1nhpKwFWPvoMMExi3q,Atlantic Records UK,GBFFS1200009,Sarah
25,Pretty Little Baby,Connie Francis,121,4B,40,2025-05-31,02:22,74,,,Connie Francis Sings Second Hand Love & Other Hits,1962-04-10,78,73,0,63,0,20,-9,G#/A♭,4,5GQPBzoRBDxcAjwSSluQXD,Universal Records,USUM71120288,Sarah
26,Oh Susan,Mark Whalen,90,5B,44,2025-06-01,03:28,47,bedroom pop,Pop,Morning Glory,2018-11-16,78,62,1,61,0,10,-11,D#/E♭,4,3nf9In5KCH6RdorA6J1C8F,Mark Whalen,TCADY1864504,Angel
27,5:15 The Angels Have Gone,David Bowie,91,9B,72,2025-06-02,05:01,32,"glam rock, art rock",Rock,Heathen,2002-06-10,62,5,1,36,0,20,-7,G,4,0zYQ0ww5UuoC63uwG10Vlx,Rhino,USRF30200009,Puffy
28,Noid,"Tyler, The Creator",82,3B,78,2025-06-02,04:44,68,,,CHROMAKOPIA,2024-10-28,38,52,0,42,30,40,-6,C♯/D♭,4,1YdtGoSYDvVQKoUqSDXX41,Columbia,USQX92405785,Puffy
29,Can't Stop,Red Hot Chili Peppers,91,11B,94,2025-06-03,04:29,87,"funk rock, alternative rock, rock","Rock, R&B",By the Way (Deluxe Edition),2002-07-09,62,2,0,88,0,10,-3,A,4,3ZOEytgrvLwQaqXreDs2Jx,Warner Records,USWB10201694,Miller
30,undressed,sombr,116,8B,89,2025-06-03,03:02,83,,,undressed,2025-03-21,64,14,0,89,0,0,-4,C,4,4AajxCEwGEsmHmT4H1TwjY,Warner Records,USWB12500737,Miller
31,Do Me Like That,The Paradox,180,10B,82,2025-09-05,03:31,59,pop punk,"Pop, Rock",Do Me Like That,2025-04-25,48,0,0,47,0,0,-4,D,4,1y6lq1wrAspWEgRJmYb11S,"Hundred Days Records, LLC",USA2P2516813,Jean
32,The Unknowing,Jfarrari,180,10A,88,2025-06-03,03:17,43,"darkwave, post-punk","Electronic, Rock",Fear of the Unknown,2025-01-24,48,1,68,69,0,10,-6,B minor,4,4SsTGcFqch8KEvS3Ag4QKp,Jfarrari,QZTAT2357388,Jean
33,Bubble Pop Electric,"Gwen Stefani, Johnny Vulture",194,3B,98,2025-06-03,03:42,64,,,Love. Angel. Music. Baby.,2004-11-12,57,0,0,35,20,10,-4,C♯/D♭,4,4A2vjMnkAWgPVqwl3Xc7pu,Interscope,USIR10400844,Jean
34,SPIT IN MY FACE!,ThxSoMch,94,4B,79,2025-06-03,02:27,79,,,SPIT IN MY FACE!,2022-12-20,73,5,2,65,0,10,-7,G#/A♭,4,1N8TTK1Uoy7UvQNUazfUt5,Elektra (NEK),USAT22223103,Jean
35,idfc,blackbear,145,12A,50,2025-06-07,04:05,75,,,deadroses,2015-02-14,63,61,0,32,0,10,-9,C♯/D♭ minor,4,6y6jbcPG4Yn3Du4moXaenr,Santa Anna,TCACB1407069,Kathryn
36,Rewrite The Stars,"Zac Efron, Zendaya",125,6B,62,2025-06-07,03:37,75,musicals,"Classical, Easy Listening, Pop",Rewrite The Stars,2017-11-17,68,7,0,28,0,10,-7,A#/B♭,4,630sXRhIcfwr2e4RdNtjKN,Atlantic Records,USAT21704623,Kathryn
37,Last Star,James Ivy,101,9B,90,2025-06-08,03:42,0,,,Last Star,2021-08-06,52,1,0,51,0,20,-5,G,4,4i5McfiyWkcmVhV8A9oTbv,FADER Label,US4HB2100339,TJ
38,Is There Really No Happiness?,Porter Robinson,98,2B,84,2025-06-08,03:19,37,"edm, electronic",Electronic,SMILE! :D,2024-07-26,61,16,0,63,0,0,-4,F#/G♭,4,3eE6IderHf7lnqOorqiNVK,Mom+Pop,USQE92400089,TJ
39,I Shot The Sheriff,Bob Marley & The Wailers,97,4B,65,2025-06-09,04:40,60,"reggae, roots reggae",Reggae,Legend - The Best Of Bob Marley And The Wailers,2002-01-01,80,34,0,72,10,0,-9,G#/A♭,4,60e5PcqGmlVFQ0HHgUagCJ,UMC (Universal Music Catalogue),GBAAN7390003,Shelbie
40,Uncle Sam Goddamn,Brother Ali,88,1B,63,2025-06-09,04:57,47,underground hip hop,Hip Hop,The Undisputed Truth,2007-04-10,80,26,0,67,20,10,-6,B,4,06tMxo0sySSq4SkIS3xUsc,Rhymesayers,USBWK0700021,Shelbie
41,Emphasis,Stelvio Cipriani,90,7A,64,2025-06-14,02:57,38,,,Dedicato a una stella,1976-01-01,53,85,94,59,0,0,-13,D minor,4,01AZNeB0xebSftRphNrXBy,Cinevox Record,ITC047702162,Angel
42,El amor de tu vida tiene derecho a encontrar el amor de su vida,Novio,118,10B,62,2025-06-14,03:13,29,latin indie,"Latin, Rock",Tristeza Feliz,2024-07-12,37,3,0,56,0,50,-10,D,4,7tKm7yhzMzpwcRjjvpolaA,NOVIO MUSIC,QZNWW2102034,Angel
43,Aishite Aishite Aishite,Ado,115,4B,88,2025-06-17,04:18,71,"j-pop, anime, vocaloid, j-rock","Pop, Rock, Electronic",Ado's Utattemita Album,2023-12-13,57,23,0,25,0,0,-4,G#/A♭,4,4gpvY7b9wHA9G1ZsMDu15b,Universal Music LLC,JPPO02303971,Gabe
44,Save My Soul,Big Bad Voodoo Daddy,90,2A,48,2025-06-17,06:34,41,"swing music, big band, electro swing, rockabilly","Jazz, Electronic, Rock",Save My Soul,2003-01-01,61,19,0,47,0,10,-7,D#/E♭ minor,4,2euSu0KhXQg055y2FO45LG,Big Bad Records,USVG20310008,Gabe
45,Unsweetened Lemonade,Amélie Farren,120,6A,49,2025-06-17,02:24,0,,,Unsweetened Lemonade,2024-01-26,78,26,0,46,0,10,-14,G minor,4,0hjTOj4u1cLwPov4fqevnw,Amélie Farren / TNP,GBLFP2425358,Gabe
46,YELLOW,Yoh kamiyama,118,6A,72,2025-06-17,02:58,54,"anime, j-pop, japanese indie, j-rock","Pop, Rock",SHIAWASE NA OTONA,2019-04-03,79,1,0,69,0,0,-5,G minor,4,6oLejuhWNQf76ydBbtLrT9,e.w.e,JPZ921902032,Puffy
47,overwhelmed,Royal & the Serpent,87,5A,32,2025-06-17,02:39,65,,,Overwhelmed,2020-06-26,80,31,0,46,30,10,-11,C minor,4,5jjZikDrEd0by1o7V3fO4y,P2020,USAT22002973,Gabe
48,Dust,Parquet Courts,145,8B,96,2025-06-17,03:57,0,"post-punk, indie rock, garage rock",Rock,Human Performance,2016-04-08,55,33,93,96,0,50,-6,C,4,0bZDQlvx2oS1NiUZZ1aXGu,Rough Trade,GBCVZ1500160,Puffy
49,Smooth Operator - Single Version,Sade,119,8A,58,2025-06-17,04:18,82,,,The Best of Sade,1994-10-31,73,24,0,96,0,0,-7,A minor,4,1Hv1VTm8zeOeybub15mA2R,Epic,GBBBM8400016,Bryce
50,Guide My Way (Red Like Roses - Part III),"Casey Lee Williams, Martin Gonzalez",144,6A,68,2025-06-17,05:21,43,,,"RWBY, Vol. 9 (Original Soundtrack from the Rooster Teeth Series)",2023-07-28,26,1,0,27,0,10,-9,G minor,4,2Wn3g3HprkABFfUBONYVyo,Materia Collective,TCAHG2342065,Bryce
51,twilight,Liquid Stella,96,3B,45,2025-06-17,04:06,18,jazz fusion,"Electronic, Jazz, Rock",twilight,2025-06-04,69,53,89,37,0,10,-11,C♯/D♭,4,27z5MHpFUp1QckuRyGQfsh,INSENSE MUSIC WORKS INC.,TCJPH2547280,Angel
52,Ride the Fire!,"Daisuke Ishiwatari, Naoki Hashimoto",156,6B,81,2025-06-17,03:13,41,japanese vgm,Electronic,Guilty Gear Xrd -Sign- Original Sound Track,2015-03-27,39,0,2,41,0,30,-7,A#/B♭,4,5LOsGqxUaKDwgImAKp2oha,Various Artists,TCJPE1602175,Bryce
53,Harness Your Hopes - B-side,Pavement,108,10B,57,2025-06-17,03:26,72,"alternative rock, indie","Rock, Pop",Brighten the Corners: Nicene Creedence Ed.,2008-12-09,60,29,4,58,0,10,-8,D,4,4vsoWZcvtvSsE0OiVvDDvX,Matador,USMTD0880519,Sarah
54,Your Love Is My Drug,Kesha,120,3B,61,2025-06-17,03:07,76,,,Animal (Expanded Edition),2010-01-01,83,1,0,76,10,0,-4,C♯/D♭,4,6vc2Jq2vaGu8z326kSrw92,RCA Records Label,USRC10900735,Sarah
55,The Name of Heaven,"NAOKI, Arc System Works",76,8B,77,2025-06-17,04:13,36,,,GUILTY GEAR -STRIVE- ORIGINAL SOUND TRACK VOL.1,2021-10-01,45,2,0,35,0,10,-5,C,4,7rNaFhd3uNKB3UDPxrLDEI,ARC SYSTEM WORKS,TCJPP2140753,Bryce
56,This Is America,Childish Gambino,120,7B,46,2025-06-17,03:45,67,,,This Is America,2018-05-06,85,12,0,55,10,30,-6,F,4,0b9oOr2ZgvyQu88wzixux9,Wolf+Rothstein/RCA Records,USRC11801773,Bryce
57,We Don't Care,Kanye West,83,10A,75,2025-06-17,03:59,66,rap,Hip Hop,The College Dropout,2004-02-10,60,1,0,65,10,20,-6,B minor,4,0IW0qaeyxL5Et4UG2MrJKB,Roc-A-Fella,USDJ20400032,Bryce
58,Poison,Bell Biv DeVoe,112,11A,56,2025-06-18,04:21,76,new jack swing,R&B,Poison,1990-01-01,84,0,0,78,20,60,-11,F#/G♭ minor,4,6m59VvDUi0UQsB2eZ9wVbH,Geffen,USMC19031167,Micah
59,Melodies From Heaven,Kirk Franklin & The Family,171,8B,76,2025-06-18,04:34,54,gospel,Christian,Whatcha Lookin' 4,1995-00-00,30,4,0,44,20,90,-10,C,4,2KxluFxumfo23bZqZzGToW,Gospocentric,USGCR0600247,Micah
60,Twilight,Electric Light Orchestra,140,8B,70,2025-06-19,03:41,50,"art rock, soft rock",Rock,Time,1981-08-01,31,43,0,20,0,80,-11,C,4,03ZVEpSeeJfROJW65OHgsf,Epic/Legacy,USSM18100550,Clark
61,The Whole of the Moon - 2004 Remaster,The Waterboys,106,8B,80,2025-06-19,05:02,68,celtic rock,Rock,This Is the Sea (Deluxe Version),1985-09-16,61,12,0,58,0,10,-7,C,4,1LzFh1VZ0FLeUesOFEuhyl,Chrysalis Records,GBAYK0400026,Clark
62,One Thing Left to Try,MGMT,128,4B,94,2025-06-19,04:20,47,indie,"Pop, Rock",Little Dark Age,2018-02-09,58,1,0,67,0,30,-5,G#/A♭,4,52pWggDlN5mVeX111i06PP,Columbia,USSM11707041,Clark
63,Numb,The Airborne Toxic Event,130,9B,93,2025-06-19,04:05,35,,,All At Once,2011-01-01,39,0,3,21,0,10,-5,G,4,05YjOA73Fd1qI7we1aQPYW,Island Records,USUM71101911,Clark
64,Raised By Wolves,Voxtrot,151,11B,86,2025-06-19,04:40,20,,,Raised By Wolves,2005-07-25,41,8,0,69,0,20,-5,A,4,6B1lEzgRg652g56nz5TEik,Cult Hero Records,ushm80559015,Clark
65,Impressively Average,Brigitte Calls Me Baby,86,7B,93,2025-06-20,03:18,0,,,Impressively Average,2023-10-03,36,1,0,54,0,20,-3,F,4,1sL6n9kMtrlAvPokQKlZGP,ATO Records,QZPLR2221383,Clark
66,Unspeakable Things,Kiwi jr.,138,9B,81,2025-06-20,03:29,20,jangle pop,"Pop, Rock",Chopper,2022-08-12,38,0,0,37,0,10,-6,G,4,26ntTyXWuJDow30dEsFTz3,Sub Pop Records,USSUB2150001,Clark
67,Ridin' In My Car,NRBQ,153,9B,85,2025-06-20,02:54,35,"power pop, roots rock","Pop, Rock",All Hopped Up (Deluxe),1977-01-01,58,13,0,89,0,0,-8,G,4,6DDUPXlsye5uUvFTgm4Jn1,Omnivore Recordings,QMWHB1811760,Clark
68,Wish You Were Here,Pink Floyd,123,9B,26,2025-06-20,05:38,83,"progressive rock, psychedelic rock, classic rock, art rock, rock",Rock,Wish You Were Here,1975-09-12,48,74,1,38,0,80,-16,G,4,6mFkJmJqdDVQ1REhVfGgd1,Pink Floyd Records,GBN9Y1100088,Sam
69,Long Legged Larry,Aesop Rock,85,4A,83,2025-06-20,03:17,40,"underground hip hop, experimental hip hop, alternative hip hop",Hip Hop,Long Legged Larry,2021-03-19,75,4,0,73,30,0,-5,F minor,4,0OX9lzZxKlbtn3c2d97uqz,Rhymesayers,USBWK1900127,Sam
70,Mercury,Steve Lacy,151,8A,75,2025-06-20,04:55,63,,,Gemini Rights,2022-07-15,70,54,1,89,0,30,-6,A minor,3,6uVZddXkgQIArp8myEHs4x,L-M Records/RCA Records,USRC12201526,Theresa
71,Do It Again,Steely Dan,125,7A,43,2025-06-20,05:57,74,"yacht rock, classic rock","Rock, Pop",Can't Buy A Thrill,1972-11-01,66,34,0,94,0,0,-15,D minor,4,2LXISHBkx8FyoxCBkckh19,Geffen,USMC17347179,Theresa
72,Volcano,The Presidents Of The United States Of America,151,5B,91,2025-06-24,02:58,0,"grunge, alternative rock",Rock,II,1996-11-05,51,14,0,89,0,10,-5,D#/E♭,4,09JxX9P3dqSl0I3lDGrTie,Columbia,USSM19603286,Sam
73,Just What I Needed,The Cars,127,12B,58,2025-06-24,03:45,70,"power pop, new wave, classic rock","Rock, Pop",The Cars,1978-06-06,62,2,0,69,0,0,-9,E,4,4alHo6RGd0D3OUbTPExTHN,Elektra Records,USEE17500009,Sam
74,Don't Think Twice,Hikaru Utada,128,6A,67,2025-07-02,04:33,41,"j-pop, j-r&b, anime","Pop, R&B",Face My Fears,2019-01-18,51,64,0,35,0,10,-6,G minor,3,3api9OUOuIpNec9HIfHpcN,NITRON concepts,JPU901803908,Micah
75,One On One. (feat. Headband Henny) - Remix,"Micah Dailey-White, Headband Henny",101,11B,70,2025-07-02,03:32,52,,,Micah.,2024-06-18,73,14,0,66,0,10,-5,A,3,3tK8OFi7R6lQBC00KClbZm,Columbia,USSM12404731,Micah
76,Who's Sorry Now,Connie Francis,88,5B,33,2025-07-04,02:16,49,,,Gold,2005-06-14,52,76,0,44,0,30,-6,D#/E♭,4,4bzvhZFlV9UqQ3EmV2i8s4,Universal Records,USF095800910,Kathryn
77,Nearly Beloved,The Wallflowers,166,9A,80,2025-07-04,04:00,0,,,"Rebel, Sweetheart",2005-01-01,40,0,0,76,0,0,-6,E minor,4,5SLioHAGWMPXGfSJB8t8u5,Interscope,USIR10500667,Miller
78,Rock To My Roll,Anarbor,123,5B,81,2025-07-04,02:47,31,pop punk,"Pop, Rock",Burnout (Deluxe Version),2013-06-04,59,32,0,58,0,10,-4,D#/E♭,4,03usyN6eZAubHvEGb62oId,Hopeless Records,USHR21254012,Miller
79,"It's Been a Long, Long Time",Harry James,75,8B,22,2025-07-04,03:25,59,"big band, swing music, jazz",Jazz,Texas Chatter,2008-10-29,28,95,0,36,0,30,-10,C,4,4rfh0qEv1HdKRXWiRXfzWF,BD Audio Digital,DEEF20810840,Kathryn
80,FINGER,Mother Mother,140,9A,77,2025-07-05,02:59,37,,,FINGER,2025-05-23,73,10,0,75,0,30,-6,E minor,4,0NPkaQcG0lTv1KBtlgpMFy,WM Canada,CAW112500020,Hannah
81,Drinka Little Poison (4 U Die),"The Soul Rebels, John Mooney",113,12B,90,2025-07-06,02:59,26,"brass band, new orleans bounce, cajun, country blues, ragtime","Classical, Traditional Music, Blues, Country, Jazz","Treme: Music From The HBO Original Series, Season 1",2010-09-28,50,59,0,64,20,60,-6,E,4,7acANHrTtsfKNQIwK12LUX,Interscope,USKAG1010005,Shelbie
82,Nausea,Jeff Rosenstock,135,8B,75,2025-07-06,02:44,0,"folk punk, indie punk, power pop","Folk, Rock, Pop",We Cool?,2015-03-03,45,38,0,53,0,30,-6,C,4,0wn7AelIhpkAaO5lU1CEZ9,SideOneDummy Records,USA6G1455604,Shelbie
83,Give and Take,Poor Man's Poison,95,9B,60,2025-07-06,03:17,62,southern gothic,,In the End,2021-08-27,67,64,0,82,0,20,-8,G,4,4pZos1A9cAsvHx5kj1O38W,Poor Man's Poison,TCAFS2128196,Gabe
84,Na Na Na (Na Na Na Na Na Na Na Na Na),My Chemical Romance,166,1A,99,2025-07-06,03:25,70,"emo, pop punk","Rock, Pop",Danger Days: The True Lives of the Fabulous Killjoys,2010-11-19,41,0,0,65,0,30,-3,G#/A♭ minor,4,5BB0Jzw60KyfSTyjJqtely,Reprise,USRE11000909,Gabe
85,How It’s Done,"HUNTR/X, EJAE, AUDREY NUNA, REI AMI, KPop Demon Hunters Cast",160,10B,86,2025-07-06,02:56,89,k-pop,Pop,KPop Demon Hunters (Soundtrack from the Netflix Film),2025-06-20,60,1,0,61,10,30,-3,D,4,3RXUgPNIbUgFxsDWuBQEt6,K-Pop Demon Hunters,QZ8BZ2513508,Theresa
86,4X4,Travis Scott,143,11A,85,2025-07-06,03:10,73,rap,Hip Hop,4X4,2025-01-24,63,4,0,22,0,70,-3,F#/G♭ minor,4,6s8WSX1MxNThrot8ThI6fG,Cactus Jack / Epic,USSM12410202,Theresa
87,untitled 08 | 09.06.2014.,Kendrick Lamar,120,10A,52,2025-07-06,03:55,66,"hip hop, west coast hip hop",Hip Hop,untitled unmastered.,2016-03-04,85,25,0,69,20,10,-9,B minor,4,5bBUDJUfGcG7eFy3Bf4fXv,Aftermath,USUM71601679,Theresa
88,I Love You Like An Alcoholic,The Taxpayers,108,9A,42,2025-07-07,03:35,0,"folk punk, anti-folk","Folk, Rock"," God, Forgive These Bastards  Songs From The Forgotten Life of Henry Turner",2012-06-19,61,38,0,21,0,10,-6,E minor,4,7u63zva845rv8tRFi9FG8a,Asian Man Records,US4ZV1200087,Puffy
89,Cat's in the Cradle,Harry Chapin,78,6B,58,2025-07-07,03:42,67,singer-songwriter,Folk,Verities & Balderdash,1974-00-00,49,23,0,51,0,10,-10,A#/B♭,4,2obblQ6tcePeOEVJV6nEGD,Rhino/Elektra,USEE10180356,Puffy
90,Probably Up,Lawrence,95,6B,61,2025-07-10,04:14,29,"pop soul, retro soul, christmas","Pop, R&B",Living Room,2018-09-14,74,34,0,70,0,30,-6,A#/B♭,4,13HalBseZHAT19C6jWs1Ma,Same Wavelength LLC,QM24S1832373,TJ
91,Fall Into Place,Couch,140,4B,45,2025-07-10,04:27,50,"pop soul, jazz pop, funk pop, retro pop","Pop, R&B, Jazz",Fall Into Place,2020-04-17,72,29,0,69,0,0,-6,G#/A♭,4,1KM8IlK6OutsP0dBVFgtP2,Couch Productions LLC,QZDA62016580,TJ
92,Shine On You Crazy Diamond (Pts. 1-5),Pink Floyd,138,6A,29,2025-07-25,13:32,72,"progressive rock, psychedelic rock, classic rock, art rock, rock",Rock,Wish You Were Here,1975-09-12,26,77,69,4,0,10,-12,G minor,3,6pnwfWyaWjQiHCKTiZLItr,Pink Floyd Records,GBN9Y1100085,Sam
93,Save Me the Time,Cannibal Kids,153,6A,81,2025-07-26,03:53,43,,,deadheads,2020-02-21,65,2,0,86,0,0,-7,G minor,4,6PrpOFLpGFv9vaGvx8FUNk,"Shaemax Records, LLC",QZFYX2087123,Angel
94,Sister Golden Hair,America,135,12B,55,2025-07-26,03:19,74,"yacht rock, soft rock, folk rock","Folk, Rock, Pop",Hearts,1975-00-00,44,13,0,72,0,10,-12,E,4,5VSAonaAPhhGn0G7hMYwWK,Rhino,USWB19901801,Angel
95,Stained Glass,Danny Schmidt,130,10A,14,2025-07-30,06:38,27,southern gothic,,Parables and Primes,2005-07-12,45,82,0,35,0,10,-14,B minor,3,4I4QfuZah9m8YMBfCXtodi,Live Once Records,USI4R0503869,Sam
96,Mental [Feat. Saul Williams & Bridget Perez],"Denzel Curry, Saul Williams, Bridget Perez",170,3B,58,2025-07-30,02:26,51,"spoken word, experimental hip hop, alternative hip hop, jazz rap","Hip Hop, Jazz, Easy Listening",Melt My Eyez See Your Future,2022-03-25,46,38,1,43,20,60,-11,C♯/D♭,4,3rMQe2is2UAxuhtFjRyYyz,Loma Vista Recordings,USC4R2211729,Bryce
97,endlessly,Chanpan,164,9A,89,2025-07-31,03:02,65,,,endlessly,2025-06-25,65,17,77,54,0,10,-5,E minor,4,0xsACxtkQkj3tCkmg0ZPUX,Uncharted,QMBZ92503130,Jean
98,lost + found,Ezekiel,173,4A,73,2025-07-31,01:55,25,"hyperpop, breakcore","Electronic, Pop",lost cat,2024-09-20,48,0,0,40,0,70,-9,F minor,4,1JV5pArfVvNfkrc9JUtFLE,Ezekiel,QZK6H2426712,Jean
99,Where the Heart Is,Sweet Pill,103,10B,83,2025-07-31,02:31,48,"midwest emo, math rock",Rock,Where the Heart Is,2022-05-25,61,0,0,63,0,10,-6,D,4,2J6vC0xW1gEaP1aEeL4Lrx,Topshelf Records,USEZ62225601,Jean
100,Perfect Pillow,Chon,116,9B,92,2025-08-01,03:35,11,"math rock, djent, progressive metal, progressive rock","Metal, Rock",Grow,2015-00-00,43,1,65,56,0,10,-5,G,4,2XTqQonzaaVAhwaRw7mzKg,Sumerian Records,USYFZ1558910,Jean
101,I Really Want to Stay at Your House,"Rosa Walton, Hallie Coggins",125,2A,74,2025-01-01,04:06,77,,,"Cyberpunk 2077: Radio, Vol. 2 (Original Soundtrack)",2020-12-18,49,0,0,13,0,0,-7,D#/E♭ minor,4,7mykoq6R3BArsSpNDjFQTm,Lakeshore Records,USLS52081705,Miller
102,Thought You Should Know,Sip Sip Bubbleheads,126,8A,61,2025-01-01,02:47,23,,,Social Echoes - EP,2015-12-21,78,3,2,96,0,0,-5,A minor,4,7sW9KMwIz1t2CbTvHsnPmQ,Selectracks / BMG Production Music,US3DF1600486,Miller
103,"Requiem, K. 626: IIIf. Lacrimosa","Wolfgang Amadeus Mozart, The Monteverdi Choir, English Baroque Soloists, John Eliot Gardiner",147,10B,8,2025-01-01,02:50,51,"classical, opera, classical piano, chamber music, concerto, choral, baroque",Classical,Mozart: Requiem; Kyrie in D minor,1987-01-01,16,98,13,5,0,10,-21,D,3,4ATc4is1rQb7PgKqtOdDnR,Decca Music Group Ltd.,NLA508542008,Shelbie
104,Selfhug Biglove,Yuinishio,91,11B,83,2025-01-01,03:47,22,"anime, japanese indie, j-pop","Pop, Rock",Selfhug Biglove,2023-01-11,69,8,0,77,0,30,-5,A,4,644uk2f8dAJCvxly8s20St,"Nippon Columbia Co., Ltd./NIPPONOPHONE",JPCO02227730,Shelbie
105,"Erlkönig, D. 328","Franz Schubert, Bryn Terfel, Malcolm Martineau",131,4A,17,2025-01-01,04:23,19,"chamber music, classical, classical piano, opera, classical crossover, choral",Classical,The Art of Bryn Terfel,2012-01-01,33,99,1,16,0,10,-21,F minor,4,4oomOHx8NgPq2flBcGxtxD,Deutsche Grammophon (DG),DEF059402110,Puffy
106,Grave Digger,Blues Saraceno,91,9A,47,2025-01-01,03:35,0,"southern gothic, blues rock, country rock, country blues","Blues, Rock, Country",Dark Country 3,2014-05-06,58,22,0,35,0,10,-12,E minor,4,4NFzce1mEWP01qTtHhsmgo,Extreme Music,GBBPP1407203,Puffy
107,Something Comforting,Porter Robinson,144,4B,56,2025-01-02,04:41,43,"edm, electronic",Electronic,Nurture,2021-04-23,47,4,0,29,0,0,-10,G#/A♭,4,5g7bsxCqNaucnXpexUoHg8,Mom+Pop,USQE92000002,TJ
108,Love You Back,Madeon,106,1B,72,2025-01-02,03:34,35,"edm, french house, electropop","Electronic, Pop",Love You Back,2022-04-27,51,0,0,27,0,0,-7,B,4,5wM6LOw2U6XeIFHfsgI6wU,Mom+Pop,USQE92200030,TJ
109,Impulse,An Endless Sporadic,100,11A,76,2025-01-03,04:25,41,progressive metal,Metal,Ameliorate,2008-07-07,51,7,92,53,0,10,-7,F#/G♭ minor,4,2pA1EyG0yjSbSoYJM4O16I,An Endless Sporadic,USTC50895203,Angel
110,La Camisa Negra,Juanes,97,11A,73,2025-01-03,03:36,75,"latin pop, colombian pop, rock en español","Latin, Pop, Rock",Mi Sangre,2004-01-01,75,8,0,97,0,0,-4,F#/G♭ minor,4,2EM9zpAc7PVeoAydmbfVIL,National Own (UC),USUL10400965,Angel
111,Sick On Seventh Street,Sarah and the Safe Word,120,10B,56,2025-01-11,03:03,41,,,Good Gracious! Bad People.,2020-10-30,66,24,0,66,0,0,-6,D,4,3vO0kLVEB9zatBcVdSRkPh,Take This To Heart,USF283065002,Gabe
112,The Thief and the Moon,Shawn James,154,11A,38,2025-01-11,03:10,45,southern gothic,,Shadows,2012-08-19,28,63,0,29,0,10,-4,F#/G♭ minor,3,6vRiJnUvfc4ZdpEkedxfVv,Shawn James Soul Inc,USHM81263730,Gabe
113,D City Rock feat. Debra Zeer,"TeddyLoid, Debra Zeer",135,6B,76,2025-01-11,04:32,43,vocaloid,Electronic,Panty & Stocking with Garterbelt　The Original Soundtrack,2010-12-29,62,11,0,62,0,40,-5,A#/B♭,4,30kpqo2lUMRZcn9CwRXNPR,FlyingDog,JPG751000882,Sarah
114,Save It For Later,The English Beat,130,10B,72,2025-01-12,03:33,1,"ska, new wave","Pop, Rock, Reggae",Special Beat Service (Remastered),1982-00-00,62,3,5,72,0,30,-10,D,4,5rBOBI3INEw0u0rwNNGib5,Shout! Factory Records,USSE91232692,Clark
115,(Nothing But) Flowers - 2005 Remaster,Talking Heads,121,9A,84,2025-01-12,05:32,47,"new wave, post-punk","Pop, Rock",Naked,1988-03-15,60,5,0,91,0,20,-5,E minor,4,4oEKgLZ8uTSioNKuO8Kydu,Rhino/Warner Records,USWB10503061,Clark
116,trucking,Linus,140,5B,32,2025-01-12,06:17,5,"shoegaze, screamo","Metal, Rock",Andromeda,2024-10-31,48,15,90,26,0,10,-12,D#/E♭,4,5pWtiWdLBudSiHpeXpjSod,pleasure tapes & texas heart,QZWFH2498817,Tony
117,I Don't Love You Anymore,Bomb the Music Industry!,137,8B,95,2025-01-12,04:41,37,"folk punk, ska punk, ska, anti-folk, skate punk","Folk, Rock, Reggae",Get Warmer,2007-09-11,38,24,0,53,0,70,-4,C,4,5jEerj0iPqRiud1nIouUoX,ASIAN MAN RECORDS,USB750700150,Tony
118,keys make noise,Ezekiel,156,10A,83,2025-01-12,02:20,20,"hyperpop, breakcore","Electronic, Pop",keys make noise,2023-08-11,63,2,0,76,0,10,-5,B minor,4,3XNVBgEgIxoipF0XL1BDwF,sped up/slowed down,USWB12303585,Jean
119,t r a n s p a r e n t s o u l feat. Travis Barker,"WILLOW, Travis Barker",90,10A,83,2025-01-12,02:48,63,rap rock,"Hip Hop, Rock",t r a n s p a r e n t s o u l feat. Travis Barker,2021-04-27,39,0,0,19,0,10,-5,B minor,4,1QL7nSDZCwZMnbisV4KOXt,"MSFTSMusic / Roc Nation Records, LLC",QMJMT2103571,Jean
120,I Must Apologise,PinkPantheress,157,11B,86,2025-01-12,01:48,74,bedroom pop,Pop,to hell with it,2021-10-15,62,52,7,75,0,20,-6,A,4,2rrq3SGYxk90xLx5fMmPhZ,Parlophone UK,GBAYE2101300,Micah
121,"Sticky (feat. GloRilla, Sexyy Red & Lil Wayne)","Tyler, The Creator, GloRilla, Sexyy Red, Lil Wayne",80,3B,81,2025-01-12,04:15,81,"rap, hip hop",Hip Hop,CHROMAKOPIA,2024-10-28,51,28,0,66,40,40,-4,C♯/D♭,4,3tFed7YsjGnIfxeLEQwx3R,Columbia,USQX92405790,Micah
122,Walkin,Denzel Curry,136,10A,65,2025-02-01,04:40,66,,,Melt My Eyez See Your Future,2022-03-25,56,13,0,39,20,20,-7,B minor,4,1q8DwZtQen5fvyB7cKbShC,Loma Vista Recordings,USC4R2211725,Bryce
123,Bad Luck Charm,Jeff Williams,92,11B,81,2025-02-01,03:37,0,anime,Pop,"RWBY, Vol. 4 (Music from the Rooster Teeth Series)",2017-06-16,39,0,0,30,0,0,-8,A,4,40UOHg5vI8H5oGuN9uQdGl,Rooster Teeth Music,TCADC1731754,Bryce
124,I Am The Man Thomas,The Devil Makes Three,125,9B,70,2025-02-01,02:39,0,"bluegrass, southern gothic, newgrass, americana, folk punk, alt country, folk, country blues","Country, Rock, Folk, Blues",Redemption & Ruin,2016-09-16,68,75,0,48,0,0,-7,G,4,2a3JYsfxG551Cwv1zWZChp,New West Records,US27Q1663558,Miller
125,Sam,Sturgill Simpson,101,8B,19,2025-02-01,01:12,59,"outlaw country, alt country, bluegrass, americana, red dirt, country, newgrass","Country, Rock, Folk",The Ballad of Dood & Juanita,2021-08-20,71,97,0,65,10,10,-11,C,4,1kKDVYavcoEH5N6R6ezM6T,High Top Mountain Records,QM6P42150683,Miller
126,All Falls Down,"Kanye West, Syleena Johnson",91,1A,73,2025-02-01,03:43,84,"rap, neo soul","R&B, Hip Hop",The College Dropout,2004-02-10,66,15,0,43,40,10,-5,G#/A♭ minor,4,5SkRLpaGtvYPhw02vZhQQ9,Roc-A-Fella,USDJ20301703,Micah
127,November Has Come,"Gorillaz, MF DOOM",84,9B,57,2025-02-01,02:45,68,"experimental hip hop, east coast hip hop, jazz rap, alternative hip hop","Hip Hop, Jazz",Demon Days,2005-05-23,70,8,0,67,20,0,-9,G,4,6lrDckuosGpwEHtm1hHBcf,Parlophone UK,GBAYE0500175,Micah
128,Dance Five,Arkady Shilkloper,78,6B,5,2025-02-01,04:02,0,ambient jazz,,Pilatus,2000-07-01,58,99,94,81,10,10,-19,A#/B♭,1,2Z7kg1i8RSfLUvZwqT62s3,Jaro Records,DEA710514970,Shelbie
129,I Can't Leave My Room,"Nalba, Chevy, Park Bird",110,6B,41,2025-02-01,03:02,36,,,I Can't Leave My Room,2020-08-01,88,77,0,72,0,20,-8,A#/B♭,4,2lF93k8iNxCTIKh0Zhey8j,Nalba & Chevy,QZHNB2079724,Shelbie
130,Le cambie el nombre,Pan de Dulce,135,8B,42,2025-02-01,02:49,18,latin indie,"Latin, Rock",Chequea Mi Máquina,2023-02-10,84,63,0,50,0,10,-10,C,4,74yBYbqF8TLaEnLF5T5kdn,La Mata Records,USCGH2386353,Angel
131,Pleasantries (With Your Lover),Mustard Service,134,12B,78,2025-02-01,03:23,43,,,C'est la Vie,2020-03-23,61,2,0,20,0,10,-5,E,4,1BnQsuVAqdQSorYqCNwTvs,Mustard Service,QZDA51925014,Angel
132,Norf Norf,Vince Staples,100,9B,55,2025-02-01,03:03,63,,,Summertime '06,2015-06-30,93,40,0,9,0,10,-7,G,4,4uQ7wYsuL0DryknoDc11Hk,Def Jam Recordings,USUM71507721,Theresa
133,The Recipe - Bonus Track,"Kendrick Lamar, Dr. Dre",131,12A,78,2025-02-01,05:52,65,"hip hop, west coast hip hop, old school hip hop, g-funk, gangster rap, rap","Hip Hop, R&B","good kid, m.A.A.d city (Deluxe)",2012-00-00,76,0,0,50,0,30,-7,C♯/D♭ minor,4,1eRBW1HcyM1zPlxO26cScZ,Aftermath,USUM71203149,Theresa
134,Fly Me to the Earth,Wallace Collection,141,2B,61,2025-02-01,02:52,23,baroque pop,"Classical, Pop",Laughing Cavalier,1969-01-01,44,7,0,43,0,20,-5,F#/G♭,4,3drKEw3spxFHMC3Geh4ZIi,Rhino,GBAYE0902798,Clark
135,Guajira Sicodelica,Los Destellos,135,10A,88,2025-02-01,03:33,34,"chicha, cumbia, electrocumbia","Latin, Traditional Music",Enrique Delgado,2018-11-01,75,9,12,88,0,30,-5,B minor,4,4x4GKtgrjYx3oBb7rRKJ6U,Iempsa,FR96X1895016,Clark
136,Snake Eater,Cynthia Harrell,180,11A,52,2025-02-03,02:57,61,,,METAL GEAR 20th ANNIVERSARY METAL GEAR MUSIC COLLECTION,2007-07-18,27,27,0,27,0,10,-9,F#/G♭ minor,4,2e3g8go386Zn6EyIz60Ci9,"Konami Digital Entertainment Co.,Ltd.",JPM200400454,Puffy
137,Sailor Song,Gigi Perez,95,1B,41,2025-02-03,03:31,87,,,Sailor Song,2024-07-26,49,68,0,27,0,10,-10,B,4,2262bWmqomIaJXwCRHr13j,Gigi Perez PS/ Island,USHM92438095,Sarah
138,Star Trails,Derivakat,170,6A,79,2025-02-03,04:20,35,,,Star Trails,2025-01-24,46,8,0,26,0,30,-5,G minor,4,1Z1lrO5QBASaZqEOzUs12b,Derivakat Music,TCAJE2531584,Sarah
139,It's Okay...,what is your name?,144,12B,93,2025-02-03,04:23,35,shoegaze,Rock,My Name Is...,2023-09-13,37,0,13,43,10,50,-6,E,3,2mHmttqCxUtYEOJO10czhf,5 AM Records,QZTAW2381736,Tony
140,Chant This Charm ～Theme Of Giant Egg～,"SEGA SOUND TEAM, Mariko Nanba, YUKARI FRESH",82,3B,76,2025-02-03,05:20,16,"japanese vgm, soundtrack, shibuya-kei, japanese indie","Pop, Rock, Electronic, Classical, Easy Listening",Billy Hatcher and the Giant Egg Original Soundtrack ”Music Popped Out of The Egg”,2003-11-06,41,2,0,84,0,10,-5,C♯/D♭,4,5DGfDHCZlYx6D4tr5x6PeX,SEGA MUSIC,JPX300300400,Tony
141,YKWIM?,Yot Club,124,11B,54,2025-02-04,03:32,78,bedroom pop,Pop,Bipolar,2019-05-31,37,94,87,23,0,20,-8,A,3,2vWBUC9djv6BtiGlmKiQaH,Yot Club under exclusive license to Amuseio AB,CAGOO1966522,Puffy
142,Mia & Sebastian’s Theme,Justin Hurwitz,117,11B,19,2025-02-10,01:38,70,score,,La La Land (Original Motion Picture Soundtrack),2016-12-09,48,98,93,11,0,10,-16,A,3,1Vk4yRsz0iBzDiZEoFMQyv,UMGRI Interscope,USUG11600660,TJ
143,erase me (feat. Jacob Collier),"Lizzy McAlpine, Jacob Collier",93,11A,45,2025-02-10,03:34,48,,,five seconds flat,2022-04-08,42,58,0,31,0,10,-9,F#/G♭ minor,4,57Z4ecZTqs7ig9nWY7xoou,Harbour Artists & Music,GBKPL2170841,TJ
144,No Fear No More (Remix),"Madeon, EARTHGANG",96,3A,64,2025-02-22,02:54,39,"edm, french house, electropop","Electronic, Pop",No Fear No More (Remix),2020-07-07,60,1,0,80,10,30,-7,A#/B♭ minor,4,36X1P3v7N1dv06bh2aPtMF,Madeon Productions,USANG2073413,Jean
145,Die Hard,"Kendrick Lamar, Blxst, Amanda Reifer",101,12A,74,2025-02-22,03:59,75,"hip hop, west coast hip hop",Hip Hop,Mr. Morale & The Big Steppers,2022-05-13,78,32,0,36,20,10,-8,C♯/D♭ minor,4,2g6tReTlM2Akp41g0HaeXN,pgLang/Top Dawg Entertainment/Aftermath/Interscope Records,USUM72208965,Jean
146,anemoia,Oliver Buckland,84,3B,52,2025-02-26,02:02,48,,,anemoia,2023-01-27,17,33,65,13,0,10,-10,C♯/D♭,4,7t1YmdBxp90g4OHNMOUcdI,Oliver Buckland,QZKDK2343764,Theresa
147,Rain in Space,Ear Candy Jazz Factory,93,4A,59,2025-03-03,05:47,21,jazz fusion,"Electronic, Jazz, Rock",Tangerine Peel Jam,2019-02-27,63,64,85,75,0,10,-11,F minor,4,4cqHikdb2TaehHTSBfc08p,Key Rei Jazz,JPZ921814864,Angel
148,Doesn't Make You Right,Dirty Heads,172,6A,61,2025-03-01,04:22,0,"reggae rock, reggae","Reggae, Rock",Dirty Heads,2016-07-15,68,20,0,43,10,70,-6,G minor,4,7y2RoHNhrToMvCOXQpkS8C,Five Seven Music,USDPK1600075,Gabe
149,Toothache,Westislonely,130,1B,56,2025-03-01,03:06,40,,,Toothache,2023-12-01,52,51,0,29,0,10,-5,B,4,0AyKfB8CNXhohSuOfenvpO,RCA Records Label,GBARL2301699,Gabe
150,DENIAL IS A RIVER,Doechii,93,11A,64,2025-03-02,02:39,79,,,Alligator Bites Never Heal,2024-08-30,83,9,0,62,30,0,-3,F#/G♭ minor,4,1eTaznNW4Xxtx9za2SMTXB,Top Dawg Entertainment/Capitol Records,USUG12405664,Micah
151,You Can Say Hi,Soia,93,5A,68,2025-03-02,03:45,42,,,You Can Say Hi,2013-04-08,55,16,0,35,30,10,-9,C minor,4,0BkulSzcAkMF1VQeLBFrte,Record Breakin Music,USQNW2022511,Micah
152,Greatdayndamornin'/Booty (Medley),D'Angelo,83,12A,45,2025-03-02,07:35,0,neo soul,R&B,Voodoo,2000-01-25,81,13,4,60,20,0,-11,C♯/D♭ minor,4,3yFTG9CQTdlDwsAfha6CqM,Virgin Records,USVI29900249,Shelbie
153,Djobi Djoba,Gipsy Kings,108,7B,95,2025-03-02,03:24,47,flamenco,"Folk, Traditional Music",Gipsy Kings,1988-11-08,73,70,0,82,0,20,-9,F,4,38MBgJc4k6LXvzvlD2tnEx,Nonesuch,USN018884508,Shelbie
154,INVISIBLE,Duran Duran,114,9B,87,2025-03-02,03:11,73,"new wave, synthpop","Pop, Rock, Electronic",FUTURE PAST,2021-10-22,65,12,0,34,10,40,-2,G,4,51EpFns3CG9taCMQz6XDom,BMG Rights Management (US) LLC,QMRSZ2101004,Miller
155,Elsa’s Song,The Amazing Devil,121,12A,5,2025-03-02,02:41,43,,,Love Run,2016-06-27,60,80,0,11,10,30,-22,C♯/D♭ minor,4,5jZnnHPY4HqDAMkqi9WMSM,The Amazing Devil,UKFHL1600005,Miller
156,Ricochet - 2018 Remaster,David Bowie,102,9B,85,2025-03-02,05:13,38,"glam rock, art rock",Rock,Let's Dance (2018 Remaster),1983-04-14,66,14,0,74,0,0,-7,G,3,04pkbLDMnaQdx4kV9bbuV4,Parlophone UK,USJT11700484,Puffy
157,Shadow Man,"Noname, Smino, Phoelix, Saba",93,5A,45,2025-03-02,05:11,49,alternative r&b,"Pop, R&B",Telefone,2016-07-31,65,47,0,45,10,10,-7,C minor,4,0EN4QjJqiAufEh6g4xPNvC,Noname,TCACR1618955,TJ
158,Amphetamine,Smino,120,7B,53,2025-11-24,07:49,57,,,blkswn,2017-03-14,62,72,0,40,50,10,-10,F,4,3Zau3JcrZcBfw8aVjKGkSX,Downtown JV,USUG11700177,TJ
159,中庭の少女たち,SHISHAMO,175,12B,84,2025-03-03,05:10,50,"japanese indie, j-rock, j-pop","Pop, Rock",SHISHAMO 3,2016-03-02,47,0,0,85,0,10,-4,E,4,1YrU8ExqF04ygegVoOOoFU,Universal Music LLC,JPD001400292,Angel
160,Oh My God,Adele,88,3B,73,2025-03-03,03:45,74,soft pop,Pop,30,2021-11-19,53,9,0,55,0,0,-4,C♯/D♭,4,3Kkjo3cT83cw09VJyrLNwX,Columbia,USSM12105973,Hannah
161,SUN GOES DOWN,Lil Nas X,174,11B,65,2025-03-03,02:48,20,,,MONTERO,2021-09-17,55,8,0,13,0,10,-7,A,4,5KwtjazkcM6dYT5cuPB0FN,Columbia,USSM12102220,Hannah
162,Here Come the Rome Plows,Drive Like Jehu,96,9B,100,2025-03-06,05:44,31,"noise rock, post-hardcore, math rock, mathcore, screamo","Rock, Metal",Yank Crime,1994-00-00,14,0,85,9,10,10,-6,G,4,2VaZ98xvuFoOwlzqAedqUZ,Swami,US2850411501,Tony
163,64,Guitar Fight from Fooly Cooly,172,7B,55,2025-03-06,01:20,22,"midwest emo, math rock, screamo, emo","Rock, Metal",Soak,2020-08-14,15,0,24,62,0,10,-5,F,4,4PXbgo0YMetIQxqBDpbGgx,997592 Records DK,QZK6M2017836,Tony
164,Bourbon Street,Jeff Tuohy,174,9A,73,2025-03-08,02:49,41,southern gothic,,Cocoon,2009-03-13,62,4,0,94,0,0,-5,E minor,4,09rAqsUGWjqNEHna4aXBrk,Karma Records Entertainment,USTJU0900012,Gabe
165,Eat My Words,PrettyUgly,165,1A,91,2025-03-08,03:10,35,,,Eat My Words,2023-11-03,41,0,0,66,10,0,-4,G#/A♭ minor,4,1Lp7vOBdE1qXhhY11OG4qh,2023 PrettyUgly,QZTVM2371919,Gabe
166,reincarnated,Kendrick Lamar,91,9B,78,2025-03-16,04:35,71,"hip hop, west coast hip hop",Hip Hop,GNX,2024-11-22,85,5,0,75,20,30,-5,G,4,0RgjEkSbeuStKfT2Pa4Zai,"pgLang, under exclusive license to Interscope Records",USUG12408500,Bryce
167,Dragonball Durag,Thundercat,81,10B,59,2025-03-16,03:01,62,,,It Is What It Is,2020-04-03,65,70,81,40,0,10,-10,D,4,7eWGnKg4B44sbBPpQp4y2c,Brainfeeder,GBCFB2000018,Bryce
168,Origami,The Rare Occasions,130,1B,80,2025-03-19,02:54,63,,,Big Whoop,2021-06-18,48,1,1,63,0,20,-6,B,4,3qpyxgH65qNhJ9hLS2gWrS,The Rare Occasions,USANG2189717,Jean
169,Remember Me (from the series Arcane League of Legends),"Arcane, d4vd",131,5A,59,2025-03-19,02:02,68,score,,Arcane League of Legends: Season 2 (Soundtrack from the Animated Series),2024-11-23,48,13,39,37,0,20,-8,C minor,4,2fQwoYSzWzChmIB2zZwrGL,Riot Games,USA2P2459595,Jean
170,BLOODBATH,"6arelyhuman, asteria",148,10A,92,2025-03-22,02:12,56,hyperpop,"Electronic, Pop",BLOODBATH,2025-01-29,40,0,0,43,10,70,-2,B minor,4,30IcVPNfNfWeEqbSzQhMi6,"Artist Partner Group, Inc.",QZZ4J2500030,Sarah
171,Ma Meilleure Ennemie (from the series Arcane League of Legends),"Arcane, Stromae, Pomme",88,9A,60,2025-03-22,02:27,77,"score, french pop",Pop,Arcane League of Legends: Season 2 (Soundtrack from the Animated Series),2024-11-23,68,0,0,37,10,20,-8,E minor,4,2LwsunYgfRoqyIsNtgOCQx,Riot Games,USA2P2459602,Sarah
172,WINDY SUMMER,Anri,107,10B,76,2025-03-31,04:06,59,"city pop, j-pop, kayokyoku",Pop,Timely!!,1983-12-05,65,18,0,84,0,10,-5,D,4,7fgmo2cHGzWLexkRhBeECj,"FOR LIFE MUSIC ENTERTAINMENT,INC.",JPFL08310240,Eunice
173,Where You Go,Meldrop,110,10B,52,2025-04-03,03:17,40,,,Meldrop,2023-12-23,68,72,0,53,0,20,-11,D,4,4ZPkW8kj32cbdSEmzo6vTY,Meldrop,QZNN22396595,Angel
174,track 02,Flight by Nothing,155,5B,80,2025-04-03,02:42,11,,,BACK FOR MORE,2023-08-11,58,2,0,93,0,0,-5,D#/E♭,4,1RDOW4HrSrLgOB4SqSCfup,Flight By Nothing,QZNWQ2357254,Angel
175,Picture Window,Japanese Breakfast,108,8B,73,2025-04-03,02:58,49,,,For Melancholy Brunettes (& sad women),2025-03-21,68,15,13,58,0,10,-7,C,4,02olsPYJypEE0IyuaGS4K4,Dead Oceans,USJ5G2442507,Tony
176,Stay Golden,Combat,108,3B,93,2025-04-03,01:58,34,midwest emo,Rock,Stay Golden,2024-08-16,49,0,26,66,0,10,-3,C♯/D♭,4,3LDShVeLxQkQldsomd0n2k,Counter Intuitive Records,QM6N22473072,Tony
177,Love the Subhuman Self,"AISHA, Jamison Boaz, Arc System Works",138,9B,99,2025-04-03,05:08,51,,,GUILTY GEAR -STRIVE- ORIGINAL SOUND TRACK VOL.1,2021-10-01,50,0,0,17,20,40,-3,G,4,7gESuiigF7GFFYIApfUBk5,ARC SYSTEM WORKS,TCJPP2140731,Bryce
178,Anything For You,Ludo,108,12B,73,2025-04-05,03:23,37,,,Prepare The Preparations,2010-01-01,69,24,0,67,0,10,-8,E,4,6o5sSlAsvLcPdrK7HFxXp3,Island Def Jam,USUM71016825,Miller
179,Voldemort,With Confidence,103,6A,95,2025-04-05,03:00,49,pop punk,"Pop, Rock",Better Weather,2016-06-17,54,0,0,75,0,70,-4,G minor,4,27oxSfW0iib7w0NG4zf9Fp,Hopeless Records,USHR21610112,Miller
180,Blu,Jon Bellion,132,8B,47,2025-04-10,03:03,52,,,Glory Sound Prep,2018-11-09,38,29,0,64,0,30,-9,C,4,4FUDWkguOUVpLRAVn5C20z,Capitol Records,USUM71817097,TJ
181,WASH,Jon Bellion,140,8B,55,2025-04-10,03:39,50,,,WASH,2025-03-21,48,6,0,20,0,10,-4,C,4,6KPtG0aIKnSqszstXgH2NS,Jon Bellion,USA2P2505006,TJ
182,Your Teeth In My Neck,Kali Uchis,116,2A,60,2025-04-10,03:06,68,,,Isolation,2018-04-06,85,7,0,86,0,10,-6,D#/E♭ minor,4,54IbnYEdA3ymfxv07WgN3b,EMI,GBUM71702547,Micah
183,Chicago,Michael Jackson,176,6A,76,2025-04-10,04:05,84,,,XSCAPE,2014-05-09,61,8,0,55,10,10,-3,G minor,4,5BKKy9fIJL5uM9fz1SnqyP,Epic/MJJ,USSM11401745,Micah
184,リズと青い鳥 第三楽章「愛ゆえの決断」,北宇治高校吹奏楽部,71,7A,14,2025-04-11,06:27,1,brass band,"Classical, Traditional Music","映画『リズと青い鳥』オリジナルサウンドトラック「girls,dance,staircase」",2018-04-25,18,91,91,4,0,10,-17,D minor,4,04XhdVM3q2qPusWPEmg95c,Lantis,JPI101801198,Shelbie
185,Long Time Sunshine,Weezer,136,5B,34,2025-06-09,04:17,39,alternative rock,Rock,Pinkerton - Deluxe Edition,1996-09-24,37,76,20,32,0,10,-9,D#/E♭,4,2pY4j2aJ5nyw0IjhgpeAEW,Geffen,USUM71022560,Shelbie
186,Just like Heaven,The Cure,151,11B,97,2025-04-12,03:32,73,"new wave, post-punk, gothic rock, darkwave","Electronic, Rock, Pop","Kiss Me, Kiss Me, Kiss Me",1987-05-25,43,3,0,76,0,10,-4,A,4,76GlO5H5RT6g7y0gev86Nk,Rhino/Elektra,USEE18700009,Sarah
187,Stacy's Mom,Fountains Of Wayne,118,10A,75,2025-04-12,03:17,74,power pop,"Pop, Rock",Welcome Interstate Managers,2003-01-01,77,0,0,93,0,0,-5,B minor,4,27L8sESb3KR79asDUBu8nW,S-Curve Records,USESC0300016,Sarah
188,"무제(無題) (Untitled, 2014)",G-DRAGON,80,12B,46,2025-04-15,03:42,66,"k-pop, k-rap","Pop, Hip Hop",KWON JI YONG,2017-06-08,58,79,0,26,0,10,-5,E,4,16BS342F89MDqouSxgLaUK,YG Entertainment,KRA401700147,Kathryn
189,Run BTS,BTS,77,4B,82,2025-04-15,03:24,76,k-pop,Pop,Proof,2022-06-10,72,2,0,70,10,0,-4,G#/A♭,4,69xohKu8C1fsflYAiSNbwM,BIGHIT MUSIC,USA2P2226298,Kathryn
190,Just Right,GOT7,96,10A,78,2025-04-15,03:42,61,k-pop,Pop,Just Right,2015-07-13,76,23,0,74,0,10,-3,B minor,4,16dL6zhP5MLxEwX8sbqCOa,Republic Records - JYP Entertainment,US5TA1500041,Kathryn
191,VERY NICE,SEVENTEEN,122,2A,90,2025-04-15,03:12,68,k-pop,Pop,Love&Letter repackage album,2016-07-04,75,5,0,88,0,0,-3,D#/E♭ minor,4,1Rrj7KyS2R6SP9CQMDJW1w,PLEDIS ENTERTAINMENT,KRA381601262,Kathryn
192,Daechwita,Agust D,145,4B,83,2025-04-15,03:45,74,"k-pop, k-rap","Pop, Hip Hop",D-2,2020-05-22,65,2,0,22,0,10,-4,G#/A♭,4,0JKGe340YJwfDrpXqPQ8sw,BIGHIT MUSIC,QM6N22036182,Kathryn
193,moonchild,RM,158,8A,87,2025-04-15,03:25,61,"k-pop, k-rap","Pop, Hip Hop",mono.,2018-10-23,50,3,0,19,20,0,-6,A minor,4,6BnciRM9jyEP9cEjvoN5eI,BIGHIT MUSIC,QM6P41828292,Kathryn
194,She's In The Rain,The Rose,93,5B,54,2025-04-15,03:57,60,"k-rock, k-pop","Pop, Rock",Dawn,2018-10-04,51,37,0,41,0,0,-4,D#/E♭,4,43NeZM2TbrQr6djoAnDyVo,㈜RBW,KRMIM1809544,Kathryn
195,Welcome To Jamrock,Damian Marley,77,10B,71,2025-04-15,03:33,60,"reggae, ragga, roots reggae","Hip Hop, Reggae",Welcome To Jamrock,2005-01-01,84,3,0,78,30,30,-5,D,4,4PvVHAkONOaS6v4wgONGYZ,Universal Records/Tuff Gong Records,USUM70502070,Gabe
196,The Moss,Cosmo Sheldrake,128,12A,51,2025-04-15,04:02,55,,,The Moss,2014-03-14,62,68,0,44,0,10,-6,C♯/D♭ minor,4,4NaGY243CJk0aNbxvgLBQJ,Transgressive Records,GBKZV1424960,Gabe
197,fine (haste),kurffew,193,7B,93,2025-04-16,02:11,30,,,fine,2023-11-30,39,9,11,57,0,20,-6,F,4,1wMignpvHaJvwDPlqWKXkG,kurffew,QZWFH2340421,Jean
198,Chest Pain (I Love),Malcolm Todd,150,9A,49,2025-04-16,03:20,77,,,Malcolm Todd,2025-04-04,61,26,0,37,0,30,-8,E minor,3,2XUx8PCXGpP1XhZJMGiUol,Columbia,USSM12409404,Jean
199,Alarm Call,The Correspondents,80,8A,64,2025-04-16,04:40,19,electro swing,"Electronic, Jazz",Puppet Loosely Strung,2014-03-14,51,5,0,11,0,0,-8,A minor,4,3uMGygzTNCOwnSPLnqydBM,Central Station Records,AUCN31206660,Puffy
200,No Church In The Wild,"JAY-Z, Kanye West, Frank Ocean, The-Dream",93,1A,75,2025-04-16,04:32,76,"hip hop, east coast hip hop, rap, r&b","Hip Hop, R&B",Watch The Throne,2011-08-08,65,24,2,56,10,10,-8,G#/A♭ minor,4,7r6PigmGzlB3YPB7wvBBbi,Roc Nation/RocAFella/IDJ,USUM71111617,Puffy
201,First Rate Town,Good Kid,92,1B,99,2025-08-01,02:02,54,,,First Rate Town,2023-01-27,44,0,0,89,0,30,-4,B,4,1P59E9uaeejHQ5xu0EG4p6,Good Kid Music Inc.,QMFME2264385,Jean
202,Shinunoga E-Wa,Fujii Kaze,158,11A,76,2025-08-06,03:05,77,j-pop,Pop,HELP EVER HURT NEVER,2020-05-20,60,17,0,52,0,10,-6,F#/G♭ minor,4,0o9zmvc5f3EFApU52PPIyW,Universal Music LLC,JPPO02000610,TJ
203,ひまわりの約束,Motohiro Hata,79,6B,45,2025-08-06,05:08,64,"j-pop, anime",Pop,青の光景,2015-12-16,52,19,0,34,0,10,-6,A#/B♭,4,45jGOHwYKgsRYbAJ8DR61d,Universal Music LLC,JPU901400745,TJ
204,You Don't Know The Shape I'm In,MJ Lenderman,122,11A,47,2025-08-07,03:36,58,alt country,"Country, Rock",Manning Fireworks,2024-09-06,74,58,3,55,0,10,-12,F#/G♭ minor,4,1ZBQPkEYHOv3LfgU6v0h0S,Anti/Epitaph,USEP42405006,Tony
205,Sometimes,Mannequin Pussy,87,3B,95,2025-08-07,03:27,49,"riot grrrl, queercore, indie punk",Rock,I Got Heaven,2024-03-01,50,0,2,32,0,0,-6,C♯/D♭,4,2hVbai5ZN5yykTbSteAPKy,Epitaph,USEP42344005,Tony
206,American,Frog,158,3A,83,2025-08-07,03:12,27,,,Whatever We Probably Already Had It,2018-11-30,38,1,21,39,10,10,-8,A#/B♭ minor,4,0h37X7J1ilI7wFYLCRgOTD,Audio Antihero,GB4XS1800059,Tony
207,Domestic Thought Experiment,Shagg Carpet,90,9B,79,2025-08-07,03:51,2,egg punk,Rock,Domestic Thought Experiment,2025-06-11,43,8,71,58,0,30,-8,G,4,30CxbEouGpnF9aDAcIbnO3,M.E.C. RECS & Sockhead Records,QZTB22525090,Tony
208,Cents Cents Money Money,Blowout,200,9B,87,2025-08-07,02:34,0,"riot grrrl, midwest emo, queercore, math rock, indie punk",Rock,"No Beer, No Dad (Redux)",2020-01-09,44,1,0,78,0,0,-4,G,4,7fTSouGcePc6eJo0I381Hu,Lauren Records,USA2P1961130,Tony
209,Big Sea,Crash Of Rhinos,81,8B,76,2025-08-07,06:18,22,"midwest emo, math rock, emo, screamo","Rock, Metal",Distal,2010-01-01,12,1,2,23,0,30,-9,C,4,5UFzXWYvju4bkxixKI1xxJ,Brave or Invincible Records,GB-SMU-10-22886,Tony
210,It's Time,Truth Club,97,10B,82,2025-08-07,03:15,35,,,It's Time,2023-01-17,55,1,77,67,0,20,-8,D,3,5geQYZg1Lf3Le3iFfqqfQU,Sipsman,USA2B2213407,Tony
211,Olive Garden,PUP,114,7A,87,2025-08-07,01:52,36,"midwest emo, indie punk, emo, punk",Rock,Who Will Look After The Dogs?,2025-05-02,47,0,0,23,0,30,-5,D minor,4,69zDL7sUAbceYWtOlb3ek7,Rise Records,QMRSZ2402032,Tony
212,Friends,Jesse Welles,79,12B,31,2025-08-09,04:12,39,"folk punk, folk","Folk, Rock",Friends,2025-05-09,61,87,0,60,0,10,-10,E,4,5sofFSrkePZcVFmtvNyOBl,Jesse Welles,QM24S2502384,Miller
213,The Poor,Jesse Welles,98,4B,43,2025-08-09,02:45,52,"folk punk, folk","Folk, Rock",The Poor,2024-07-26,58,74,0,31,0,10,-9,G#/A♭,4,5ylbNyulzqOL2kqtAxMjlz,Jesse Welles,QM24S2404503,Miller
214,Zzz (Acappella Version),Sayaka Sasaki,154,3B,44,2025-08-13,02:47,0,anime,Pop,Zzz,2011-05-25,70,80,0,38,0,20,-7,C♯/D♭,4,3nnoOmCi4pmepk4paaEIo4,Lantis,JPI101100781,Shelbie
215,I'll Fall,"bo en, Coris",120,8A,46,2025-08-13,03:38,29,,,Pale Machine Expansion Pack Singles,2014-02-14,82,53,0,52,10,0,-8,A minor,4,0tOyrixMQ17NUznPIxYtVD,bo entertainment,QM2PV1530429,Shelbie
216,Everything You Do,The Happy Fits,150,12A,93,2025-08-13,03:32,43,,,Everything You Do,2025-05-01,44,1,0,58,0,30,-4,C♯/D♭ minor,4,26lhSA6OWdK5MYM31gklqj,Many Hats Distribution,QZNWP2551642,Clark
217,Ojos de Girasol,Darviin,90,1B,24,2025-08-16,04:29,59,bolero,"Latin, Traditional Music",Ojos de Girasol,2022-11-14,66,91,9,25,0,20,-15,B,4,3TIbBfQEDiM3nZiyIf4wFy,"Darviin, under exclusive license to Amuseio AB",MX2832308188,Angel
218,Slow Jamz,"Twista, Kanye West, Jamie Foxx",145,7A,73,2025-08-20,05:16,73,rap,Hip Hop,The College Dropout,2004-02-10,56,31,0,61,10,20,-6,D minor,4,3A4cpTBPaIQdtPFb5JxtaX,Roc-A-Fella,USAT20303708,Micah
219,777,"Bruno Mars, Anderson .Paak, Silk Sonic",102,3B,62,2025-08-20,02:45,60,,,An Evening With Silk Sonic,2021-11-12,84,0,0,89,0,30,-11,C♯/D♭,4,2K6vUau7bnZUamjbRSOOvJ,Aftermath Entertainment/Atlantic,USAT22106194,Micah
220,"How much I Love you,baby",Satellite Lovers,184,11B,47,2025-08-24,04:51,46,"shibuya-kei, japanese indie, city pop","Pop, Rock, Electronic",Sons of 1973,1996-07-01,51,44,86,85,0,10,-13,A,4,2DPg74vcxFDe9dOzioTYMA,Sony Music Labels Inc.,JPB209600056,Angel
221,Fame is a Gun,Addison Rae,138,2A,40,2025-08-30,03:03,84,,,Addison,2025-06-06,69,17,0,41,0,10,-7,D#/E♭ minor,4,7B3BwNecBhKvNwSMOOl7Gk,Columbia,USSM12501572,Theresa
222,Little Lies,Fleetwood Mac,125,10B,69,2025-08-30,03:38,67,"classic rock, yacht rock, soft rock","Rock, Pop",Greatest Hits,1988-11-21,63,12,0,89,0,10,-10,D,4,08o75xMKmGrKny6GsXrNJW,Warner Records,USWB19900207,Theresa
223,Sh-Boom,The Chords,137,7B,52,2025-09-03,02:24,69,doo-wop,"Pop, R&B",Life Could Be a Dream: The Sh-Boom Sound of The Chords,2022-11-18,66,61,0,89,0,20,-8,F,4,2drXvACELcvwryaFRiRPdA,Warner Music Group - X5 Music Group,USAT20703265,Sam
224,Orange Colored Sky - As Heard on “Fallout” (Series),Nat King Cole,129,6B,24,2025-09-03,02:33,64,"christmas, adult standards, vocal jazz","Easy Listening, Pop, Jazz",The Nat King Cole Story,1961-09-25,54,92,0,49,0,10,-15,A#/B♭,4,6fUDNcmsnnUVyOtEnA9xdC,Capitol Records,USCA29101184,Sam
225,Stupid (Can’t run from the urge),underscores,136,8A,67,2025-11-11,03:04,40,hyperpop,"Electronic, Pop",Wallsocket (Director's Cut),2024-06-28,75,1,0,83,0,20,-4,A minor,4,51vRYl0OqozBFkhBzAPzKI,Mom+Pop,USQE92400115,Jean
226,Love Kills,"Levinsky, Sandra Bullet",115,7B,42,2025-09-05,04:20,0,synthwave,Electronic,Love Kills,2019-01-19,68,0,4,40,0,10,-13,F,4,5rJxh1aDc7APBuNtyrhmSv,771822 Records DK,QZ8LD1972789,Shelbie
227,FATHER FIGURE,Jon Bellion,95,1A,75,2025-09-05,03:51,54,,,FATHER FIGURE,2025-06-04,64,10,0,23,0,10,-7,G#/A♭ minor,4,2GEoDwjcRfDxHOiLbi7CWS,Jon Bellion,USA2P2505010,TJ
228,Retrograde,James Blake,78,6A,25,2025-09-05,03:43,62,,,Overgrown,2013-04-08,53,87,10,19,0,10,-11,G minor,4,2IqjKEBiz0CdLKdkXhxw84,Polydor Records,GBUM71300788,TJ
229,Where's Your Head At,Basement Jaxx,128,8B,92,2025-09-06,04:45,70,big beat,Electronic,Rooty,2001-06-25,61,0,9,42,0,20,-5,C,4,3cJh89D0za2SW705fNBo3b,XL Recordings,GBBKS0100014,Shelbie
230,Sway,Michael Bublé,126,7A,64,2025-09-07,03:08,76,christmas,Pop,Michael Bublé,2003-00-00,71,75,0,74,0,0,-6,D minor,4,2ajUl8lBLAXOXNpG4NEPMz,143/Reprise,USRE10201551,Kathryn
231,Stigma,BTS,136,5A,48,2025-09-07,03:36,63,k-pop,Pop,Wings,2016-10-10,57,15,0,34,0,10,-6,C minor,4,3LTwMQ9kkn5VVhP3jipBlR,BIGHIT MUSIC,KRA381601895,Kathryn
232,Dearly Beloved - Unchained χ Version-,Yoko Shimomura,148,5B,39,2025-09-07,03:29,35,"soundtrack, japanese vgm","Electronic, Classical, Easy Listening","KINGDOM HEARTS - III, II.8, Unchained χ & Union χ [Cross] – (Original Soundtrack)",2020-11-11,32,90,94,12,0,10,-12,D#/E♭,4,383hvtumCvxKwCddwT9Po5,Walt Disney Records,USWD12097541,Kathryn
233,Mickey Mouse March,Jimmie Dodd,132,8B,53,2025-09-07,02:06,29,,,KINGDOM HEARTS -HD 2.5 ReMIX- (Original Soundtrack),2023-02-08,76,78,0,59,0,10,-10,C,4,11RJj3WJ8ajZwuw0KuMpfV,Walt Disney Records,USWD11468770,Kathryn
234,Catch Me If You Can,SEGA SOUND TEAM,100,3B,89,2025-09-07,03:36,46,"japanese vgm, soundtrack","Electronic, Classical, Easy Listening",Sonic Riders Shooting Star Story Original Soundtrack ”Zero Gravity Tracks”,2008-01-17,63,17,0,90,0,30,-5,C♯/D♭,4,4gyep5Oh5XqhBC8dCaPRKS,WAVE MASTER,JPX300730170,Micah
235,Ring Ring Ring,"Tyler, The Creator",119,2B,72,2025-09-07,03:21,77,,,DON'T TAP THE GLASS,2025-07-21,76,25,0,69,0,60,-6,F#/G♭,4,1lTqq0aC6r2bXLviQ3oaVt,Columbia,USQX92503274,Micah
236,ETERNAL LOOP (clear),SABER TIGER,138,10B,81,2025-09-08,08:42,28,,,ETERNAL LOOP,2001-11-21,47,0,0,23,0,10,-6,D,3,10GgqzqOVFXXQcBZ0UNrOV,VAP,JPVP00110503,Angel
237,Sunburn,Fuel,94,9A,79,2025-09-08,04:23,51,post-grunge,Rock,Sunburn,1997-00-00,50,0,0,55,0,0,-7,E minor,4,35EXxM1zE4eg2G6f3PSle4,Epic,USSM19702941,Sam
238,House Tour,Sabrina Carpenter,118,2B,88,2025-09-08,02:49,84,pop,Pop,Man’s Best Friend,2025-08-29,77,13,0,61,0,30,-5,F#/G♭,4,25jgQBxuUkGDdCG1WGKKN9,Island Records,USUM72504449,Sarah
239,Divine,"MONJOE, ☆Taku Takahashi, SWEEP, JUVENILE, New PANTY & STOCKING with GARTERBELT",113,10A,94,2025-09-09,03:16,55,j-r&b,"Pop, R&B",Divine,2025-08-14,82,5,0,47,10,30,-5,B minor,4,2yCiAcwmjCoB3UtZrMdzbu,FlyingDog,JPVI02501879,Sarah
240,Andrew in Drag,The Magnetic Fields,120,8B,73,2025-09-10,02:12,38,anti-folk,Folk,Love at the Bottom of the Sea,2012-03-06,68,46,0,45,0,30,-6,C,4,5ehMCdeOhsgsx25M6wAEzu,Merge Records,USMRG1243902,Sarah
241,Boyfriend,Big Time Rush,164,12A,86,2025-09-11,03:21,62,,,BTR,2010-10-11,61,10,0,68,10,10,-4,C♯/D♭ minor,4,1rKBOL9kJfX1Y4C3QaOvRH,Nickelodeon/Columbia,USSM11003623,Sarah
242,Golden,"HUNTR/X, EJAE, AUDREY NUNA, REI AMI, KPop Demon Hunters Cast",123,9A,69,2025-09-11,03:14,97,k-pop,Pop,KPop Demon Hunters (Soundtrack from the Netflix Film),2025-06-20,65,10,0,10,0,10,-4,E minor,3,1CPZ5BxNNd0n0nF4Orb9JS,K-Pop Demon Hunters,QZ8BZ2513510,Sarah
243,Pop It,"Anamanaguchi, meesh",116,2B,90,2025-09-18,04:00,30,vocaloid,Electronic,Pop It,2014-09-19,56,8,0,93,0,0,-3,F#/G♭,4,7Bcoyj1W0f2j1FskIcYaOV,Polyvinyl Records,USA2P1451384,Miller
244,Too Sweet,Hozier,117,6B,62,2025-09-18,04:11,79,,,Unreal Unearth: Unaired,2024-08-19,74,3,0,93,0,0,-6,A#/B♭,4,76JKIsdKrAfWUMjaA0u7v5,Columbia,USSM12401865,Miller
245,I know but,Sagong,120,12B,57,2025-09-25,02:57,12,,,I know but,2021-04-27,74,44,32,92,0,20,-8,E,4,6ZgO32yB5gf42VSEaxaoTO,Sagong,KRMIM2117833,Eunice
246,Vices,Sarah and the Sundays,150,5A,82,2025-09-25,04:35,44,,,The Living End,2021-10-15,56,5,0,61,0,10,-7,C minor,4,5rICq1ntzHJHRrGHtydPfr,Sarah and the Sundays/Fourward Music,GBKPL2162182,Eunice
247,southbound,Artemas,97,9B,92,2025-10-02,02:17,71,,,southbound / test drive,2025-03-19,57,0,0,57,20,50,-4,G,4,4jiwz2tQZo21Z4NQwz4zUt,Artemas,QZJ842501250,Jean
248,PRETTY PLEASE,"Dutch Melrose, benny mayne",122,9A,69,2025-10-02,02:46,71,dark r&b,R&B,PRETTY PLEASE,2024-04-24,68,1,0,70,0,40,-6,E minor,4,6kOdk29M8h6ZfHz4byVG0t,MADKID RECORDS,QZK6N2432063,Jean
249,Til I Am Myself Again - 2012 Remaster,Blue Rodeo,129,9B,91,2025-10-03,03:59,48,"country rock, alt country","Country, Rock",Casino,1990-11-20,57,3,0,84,0,40,-4,G,4,5eHPODjuuKkrJXwhhaMaQa,Warner Music Canada,CAW111200083,Clark
250,Forgiving Ties,Deer Tick,140,11B,89,2025-10-03,04:10,30,"alt country, americana","Country, Rock, Folk",Emotional Contracts,2023-06-16,54,0,0,89,0,10,-5,A,4,0XcqVw2XsH6Mdbl5FLMwJk,ATO Records LLC,USATO2200577,Clark
251,Plant Life,Owl City,160,6B,73,2025-10-06,04:10,34,,,All Things Bright And Beautiful,2011-01-01,40,23,0,51,0,0,-7,A#/B♭,3,3Uq06PHpVt4T9KYceuPYZn,Universal Records,USUM71104678,TJ
252,Up All Night,Owl City,91,7A,88,2025-10-06,03:51,40,,,Ultraviolet,2015-05-14,55,1,0,48,0,0,-5,D minor,4,44hRtTWULYEMCetZqyUniO,Owl City/Republic Records,USUM71406978,TJ
253,Devil Like You,The Bridge City Sinners,123,8A,50,2025-10-11,02:50,49,"folk punk, southern gothic, anti-folk","Folk, Rock",Unholy Hymns,2021-08-20,65,76,0,83,0,20,-7,A minor,4,6GsLqBcfvyst18CeWPTgHx,Flail Records,QZHN62127246,Gabe
254,Dirty Imbecile,The Happy Fits,100,5B,53,2025-10-11,03:59,57,,,Awfully Apeelin',2016-08-27,84,48,0,39,10,10,-10,D#/E♭,4,7evpKJpRBRpCHux5JaczZX,Diamond City and Many Hats Distribution,GBMJG1610596,Gabe
255,Wires,The Neighbourhood,73,6A,57,2025-10-11,03:13,61,,,I'm Sorry...,2013-05-08,57,0,10,27,0,30,-6,G minor,4,5v8aEcHcaJIGYpfVVPtJjI,the [r]evolve group,USSM11204648,Gabe
256,Courage to Grow,Rebelution,140,1A,58,2025-10-11,04:15,54,"reggae, reggae rock, roots reggae","Reggae, Rock",Courage to Grow,2007-06-08,78,0,0,86,0,0,-7,G#/A♭ minor,4,33Ib9wPVhh2MWHhmS7Yne9,87 Music,ushm20777311,Gabe
257,You Dont Love Me,Caro Emerald,189,4A,76,2025-10-11,03:53,0,"electro swing, swing music","Electronic, Jazz",Deleted Scenes From The Cutting Room Floor,2010-01-29,61,78,0,67,20,10,-5,F minor,4,7J4JMsAqdJIipDPTGsAjXN,Grandmono Records,NLHR30900019,Gabe
258,Northern Star,Dom Fera,79,7B,42,2025-10-11,03:36,49,,,One October,2020-11-17,48,80,0,37,0,0,-7,F,3,5B0iPguskBzONMtfVspNFF,Dom Fera,TCAFF2067392,Gabe
259,Best Friend,Satellite Lovers,104,11A,49,2025-10-11,04:59,41,"shibuya-kei, japanese indie, city pop","Pop, Rock, Electronic",Sons of 1973,1996-07-01,71,26,1,96,0,0,-13,F#/G♭ minor,4,2Yn2a8sgxEJqYTupKGySeM,Sony Music Labels Inc.,JPB209600054,Eunice
260,MELODY,"FreeTEMPO, Cana (I-dep)",125,12B,88,2025-10-11,04:29,35,,,FreeTEMPO BEST ALBUM “TENSE”,2010-01-01,66,19,35,97,0,0,-5,E,4,4uQHrYBkFj9HB9kbQC55TD,Universal Music LLC,JPPO00637690,Eunice
261,War Pigs,Black Sabbath,91,11B,61,2025-10-11,07:54,62,,,The Ultimate Collection,2017-02-03,46,12,1,50,0,10,-12,A,4,0HVQuuXGAcQ2P5mBN521ae,Rhino/Warner Records,GBAJE7000063,Sam
262,Suite: Judy Blue Eyes - 2005 Remaster,"Crosby, Stills & Nash",154,11B,36,2025-10-13,07:24,59,"folk rock, yacht rock","Folk, Rock, Pop","Crosby, Stills & Nash",1969-05-29,46,47,0,30,0,20,-13,A,4,2PuUFT13yCzUOZun94WOXv,Rhino Atlantic,USAT20506555,Sam
263,Lithonia,Childish Gambino,140,3B,38,2025-10-13,02:59,60,,,Lithonia,2024-07-02,42,9,0,17,0,10,-8,C♯/D♭,4,4JfpJrrGNXRj2yXm1fYV23,Wolf+Rothstein/RCA Records,USRC12402124,Sam
264,Rosas,Fabiancito,132,11B,87,2025-10-14,03:11,33,,,Casa Pepe,2020-01-17,63,6,0,86,0,30,-8,A,4,5eI5VWGkYcSVhMoLsQqnTu,Lagartija Records,GBMA21874010,Angel
265,Unlock the Future,cleaned,170,9B,95,2025-10-16,04:25,12,,,DEEPER,2024-12-18,45,4,89,79,0,10,-7,G,4,6msUoeZNMNjk0bnHlzlo7T,CapturisM.,JPB622401323,Angel
266,Beers with my name on them,Asher White,160,11A,65,2025-10-17,04:58,23,,,8 Tips for Full Catastrophe Living,2025-09-12,47,1,48,25,10,10,-17,F#/G♭ minor,4,46ik88q0awURfYD4NAuuKM,Joyful Noise Recordings,USJZA2550202,Tony
267,for Charles Bronson,the cabs,91,4B,93,2025-10-17,01:44,34,,,the first action,2011-04-13,28,0,59,79,0,30,-3,G#/A♭,4,7aXIWCL24qEYxXoVeyDtgw,zankyo records,TCJPG1724813,Tony
268,Daft Punk Is Playing at My House,LCD Soundsystem,136,9B,91,2025-10-17,05:14,59,,,LCD Soundsystem,2005-01-24,92,2,0,97,0,10,-5,G,4,73mlvsfJM2qwlDUJxeaatI,Parlophone UK,US4GE0400025,Tony
269,Dance Wid' Me,Hepcat,122,12B,72,2025-10-17,03:26,35,,,Out Of Nowhere,2004-03-23,88,32,0,95,0,20,-7,E,4,6hBiP3KP0JsYhxUSM7XKfy,Hellcat/Epitaph,USHEL0305301,Tony
270,I Don't Know - Radio Mix,Erika,130,1B,96,2025-10-18,03:21,73,,,I Don't Know,2003-05-29,74,9,1,88,0,80,-7,B,4,5t1QXsY6FNn42RGHiETiKD,Time Records,ITL010300157,Sarah
271,Tokyo Drift (Fast & Furious) - From  The Fast And The Furious: Tokyo Drift  Soundtrack,Teriyaki Boyz,127,2B,89,2025-10-18,04:15,68,,,The Fast And The Furious: Tokyo Drift (Original Motion Picture Soundtrack),2006-06-20,76,18,0,94,10,0,-5,F#/G♭,4,5iJfzXKvQXlYOBtEQhEmpA,Universal (MT),USUG10600159,Micah
272,LOVE. FEAT. ZACARI.,"Kendrick Lamar, Zacari",126,6B,59,2025-10-18,03:33,83,"hip hop, west coast hip hop",Hip Hop,DAMN.,2017-04-14,80,26,0,78,0,10,-7,A#/B♭,4,6PGoSes0D9eUDeeAafB2As,Aftermath,USUM71703088,Micah
273,Grim Reaper,Public Theatre,125,11B,59,2025-10-19,03:37,38,,,Otherside,2019-01-01,72,2,0,52,0,0,-4,A,4,4RUDNRnv25LuMjXFJ6Q7tP,Public Theatre,TCADY1812851,Puffy
274,Rock Star Skinny,The Real Zebos,145,7B,75,2025-10-19,04:38,39,,,Strictly Platonic.,2019-06-28,62,0,0,66,0,0,-6,F,4,65tObqreCtRiTJW8dUjIdI,The Real Zebos,QZFYW1915816,Puffy
275,Breezy Slide,"Louie Zong, Brian David Gilbert",102,7B,56,2025-10-19,03:01,33,,,Breezy Slide,2022-02-12,64,17,0,57,0,10,-13,F,4,7tITkd2OToE32ELyKO7OQM,Fuji Apple Records,QZDA42226509,Puffy
276,Mmm Mmm Mmm Mmm,Crash Test Dummies,93,5B,57,2025-10-19,03:55,68,,,God Shuffled His Feet,1993-04-05,58,25,0,37,0,0,-8,D#/E♭,4,76nvqWPFucUra1xCkN1tnD,Arista,CAA359300084,Puffy
277,Sunny,Boney M.,122,5A,87,2025-10-19,04:02,71,,,Take The Heat Off Me,1976-00-00,65,9,12,80,10,10,-6,C minor,4,3pf96IFggfQuT6Gafqx2rt,MCI,DED168000002,Puffy
278,Pumpkin,The Regrettes,120,6B,62,2025-10-19,03:27,46,,,How Do You Love?,2019-08-09,57,1,0,23,0,10,-4,A#/B♭,4,3erMpGAv6cGCEcYcaE19p1,Warner Records,USWB11900393,Miller
279,Le bal des chats,Cécile Corbel,131,10B,74,2025-10-19,02:11,34,,,Enfant du vent,2019-03-29,75,59,0,92,0,30,-7,D,4,2LIxcHN4oC4VR7x1I5EBRi,Universal Music Division Decca Records France,FRUM71802217,Puffy
280,Colors,Halsey,100,3B,81,2025-10-19,04:09,73,,,BADLANDS,2015-08-28,51,5,0,52,0,0,-5,C♯/D♭,4,1TnUURhehaoMWKAqQtirm6,Astralwerks (ASW),USUM71507629,Miller
281,Yogurt Stained on the Floor,"LamazeP, Hatsune Miku",170,10A,92,2025-10-20,02:06,8,,,Re：Habilis,2023-12-11,77,11,0,60,0,30,-3,B minor,4,3ZB2tOq7oLAYaDjanDf6YI,U&R records,JPA652308942,Shelbie
282,Fire Burning,Sean Kingston,123,3B,81,2025-10-24,04:03,50,,,Fire Burning,2009-04-30,84,2,0,89,0,30,-3,C♯/D♭,4,7gDKfEMIhyyO4asgEXwcrs,Epic/Beluga Heights,USSM10902107,Sarah
283,UWU,Chevy,117,7B,4,2025-10-28,01:49,47,,,UWU,2018-12-22,86,99,0,18,0,10,-17,F,4,4aTKyYeIzC0ask2ZJicjIJ,902751 Records DK,QZ4JJ1809679,Shelbie
284,Equestria Girls (Cafeteria Song),"Twilight Sparkle, My Little Pony",112,12B,73,2025-10-30,02:53,57,,,Equestria Girls: Original Motion Picture Soundtrack,2014-09-23,77,5,0,86,0,0,-6,E,4,4CEajAOGBNjCH1OdSJtaR2,Hasbro,USQX91600652,Sarah
285,The Legendary Theme,PPF,140,12B,26,2025-10-31,02:46,24,,,The Legendary Theme,2019-02-20,63,90,89,7,0,10,-6,E,4,3BktaFoAsiwQgaV0NxPB8e,651604 Records DK,QZDA81923381,Angel
286,Blood On Me,Sampha,104,1B,52,2025-11-02,04:06,39,,,Process,2017-02-03,78,12,1,61,10,60,-8,B,4,3Wdwnr9TGwmyUfPNB9iekU,Young,UK7MC1600028,TJ
287,"a FEW songs (feat. Love Mansuy, Ogi, and Smino)","Saba, No ID, Love Mansuy, Ogi, Smino",82,9B,72,2025-11-02,03:07,43,,,From The Private Collection of Saba and No ID,2025-03-18,67,55,0,47,20,10,-8,G,4,7K9DMSR7ZlN1aAzJas8220,"From The Private Collection, LLP",QMFMF2450875,TJ
288,In My Head,Jason Derulo,110,5A,73,2025-11-02,03:18,64,,,Jason Derulo,2010-02-24,76,3,0,85,0,50,-4,C minor,4,5BoIP8Eha5hwmRVURkC2Us,Beluga Heights/Warner Records,USWB10904633,Sarah
289,Royal,Waterparks,120,4B,90,2025-11-03,03:31,38,pop punk,"Pop, Rock",Double Dare,2016-11-03,50,0,0,34,0,20,-4,G#/A♭,4,1CMj3RNTdHBnLU7hoZjjKY,Equal Vision Records,US3X51636704,Miller
290,C'est La Vie,Weathers,92,11A,79,2025-11-03,03:14,0,,,C'est La Vie,2020-06-26,58,2,0,63,10,10,-5,F#/G♭ minor,4,1AFqqY3WHzJ18o3NLK07gE,Weathers,QZ93L2023538,Miller
291,サマーアイドル,OSTER project,89,12B,90,2025-11-03,04:17,29,,,Attractive Museum,2014-04-23,41,1,0,92,0,10,-4,E,4,6IWQMOubrT9skrCKz2LE2h,Subcul-rise Record,JPT361400003,Shelbie
292,Bop Gun (Endangered Species),Parliament,102,10A,64,2025-11-05,08:35,35,,,Funkentelechy Vs. The Placebo Syndrome,1977-11-28,77,34,0,84,0,10,-12,B minor,4,3fHrnF1MxAZaiGVkGIxM9h,Mercury Records,USPR37702460,Sam
293,Castle on the Hill,Ed Sheeran,135,10B,83,2025-11-06,04:21,78,,,÷ (Deluxe),2017-03-03,46,2,0,47,10,10,-5,D,4,6PCUP3dWmTjcTtXY02oFdT,Atlantic Records UK,GBAHS1600462,Kathryn
294,Galway Girl,Ed Sheeran,100,11B,88,2025-11-06,02:50,79,,,÷ (Deluxe),2017-03-03,62,7,0,78,10,30,-3,A,4,0afhq8XCExXpqazXczTSve,Atlantic Records UK,GBAHS1700026,Kathryn
295,Midnight Memories,One Direction,156,11A,87,2025-11-06,02:56,66,,,Midnight Memories (Deluxe),2013-11-25,43,1,0,57,0,20,-2,F#/G♭ minor,4,5wjmqUGN7vrAqFqDWrywlZ,Syco Music,GBHMU1300212,Kathryn
296,Best Song Ever,One Direction,118,3B,88,2025-11-06,03:20,75,,,Midnight Memories (Deluxe),2013-11-25,65,2,0,49,0,0,-3,C♯/D♭,4,5T7ZFtCcOgkpjxcuaeZbw0,Syco Music,GBHMU1300102,Kathryn
297,Army of Ancients,Dr. Dog,139,7B,66,2025-11-06,04:05,0,,,FATE,2008-07-22,53,19,0,50,0,90,-7,F,3,5lrr5ULU5P9tA8NPUPTS42,Park The Van,USNNZ0800004,Shelbie
298,blue,yung kai,97,12B,32,2025-11-07,03:34,83,,,blue,2024-08-02,75,93,2,59,0,10,-12,E,3,3be9ACTxtcL6Zm4vJRUiPG,BMG Rights Management (US) LLC,TLVEM2456474,Aiden
299,Undercover Martyn,Two Door Cinema Club,160,10A,86,2025-11-07,02:47,69,,,Tourist History,2010-02-17,44,0,0,58,10,0,-5,B minor,4,1JmRbZclLHgneDrpyA9e3X,Glassnote - VMG,FRU700900115,Aiden
300,"SOME DAY, THAT PLACE IN TIME",DOOPEES,114,10B,46,2025-11-09,05:05,46,,,DOOPEE TIME,1995-10-20,37,40,44,18,0,0,-8,D,4,1IXwJdkVaYva6lMkZb0W8i,"FOR LIFE MUSIC ENTERTAINMENT, INC.",JPFL09503470,Angel
401,OPM BABI,Playboi Carti,78,10B,79,2025-11-09,02:53,66,,,MUSIC,2025-03-14,53,0,0,4,0,30,-6,D,4,76yJsfb1CUy5Um8nFL7jKQ,AWGE/Interscope Records,USUM72502295,Theresa
402,Inferno,JMSN,99,3B,91,2025-11-09,04:24,46,,,Velvet,2018-09-21,77,1,0,79,10,0,-5,C♯/D♭,4,5Qg1StPjfDnTY42zF7i02d,White Room Records,TCADT1894959,Theresa
403,McDonald's in the Pentagon,Silly Stu,172,6A,82,2025-11-09,01:05,0,,,McDonald's in the Pentagon,2025-02-25,66,9,0,96,10,40,-7,G minor,4,6VfT8jrHkWOFkyEWjEhpFs,Silly Studios,QZHN62565366,Theresa
404,対象a,"DEQUAR, Masakazu Kurihara",116,5A,19,2025-11-09,04:35,27,,,ひぐらしのなく頃に奏,2016-10-26,22,95,73,20,0,10,-14,C minor,4,6xT5WxiQpA4zUcjMkEkJep,HATSUNE.LLC,JPZ921610877,Theresa
405,the perfect pair,beabadoobee,146,1B,66,2025-11-09,02:57,83,,,Beatopia,2022-07-15,63,43,12,60,0,10,-7,B,4,41P6Tnd8KIHqON0QIydx6a,Dirty Hit,GBK3W2202093,Theresa
406,Baby,Charli xcx,128,4A,86,2025-11-09,02:39,51,,,CRASH,2022-03-18,78,14,5,90,0,0,-2,F minor,4,2lE8pY64icLsx6k0Wr9iVF,Atlantic Records,GBAHS2200041,Theresa
407,Theme Of Bayonetta - Mysterious Destiny,Nikola Obermann,140,8B,92,2025-11-09,02:51,44,,,BAYONETTA Original Soundtrack (Vol. 1),2009-11-04,44,4,17,82,0,30,-7,C,4,6VIX3OzSOaQPd1kp3GasbY,WAVEMASTER ENTERTAINMENT,JPX300949500,Bryce
408,Girl Afraid - 2011 Remaster,The Smiths,176,11B,93,2025-11-09,02:46,61,,,Hatful of Hollow,1984-00-00,41,0,1,91,0,10,-5,A,4,3UPpzmVM8UHimVKfpAg4xP,WM UK,GBCRL1100071,Theresa
409,"Paris, Texas (feat. SYML)","Lana Del Rey, SYML",170,5A,10,2025-11-09,03:26,72,,,Did you know that there's a tunnel under Ocean Blvd,2023-03-24,29,99,6,20,0,10,-18,C minor,3,0Oqxt6JixieLHbwMfnJGWO,Polydor Records,GBUM72206764,Theresa
410,Messages from the Stars,The Rah Band,113,9B,82,2025-11-09,04:14,70,,,Going Up,1983-00-00,65,6,0,70,0,30,-3,G,4,6lYY2HktYKpV1pUamfRlU1,Shocking Music,GBKSK0500009,Theresa
411,IRIS OUT,Kenshi Yonezu,135,3B,80,2025-11-09,02:31,87,"j-pop, anime, j-rock","Pop, Rock",IRIS OUT,2025-09-15,75,1,0,89,10,0,-6,C♯/D♭,4,59hVbgr8rfYkDbHfr8RcGI,Sony Music Labels Inc.,JPU902502821,Bryce
412,1539 N. Calvert,JPEGMAFIA,152,9A,72,2025-11-09,02:37,12,"experimental hip hop, alternative hip hop, experimental","Hip Hop, Electronic, Jazz, Rock",Veteran,2018-01-19,86,28,8,36,10,10,-3,E minor,4,6XyxCBp6x3jvtxXvMN5sAA,JPEGMafia,QM24S1800042,Theresa
413,Pink + White,Frank Ocean,160,11B,55,2025-11-09,03:04,86,,,Blonde,2016-08-20,55,67,0,55,10,40,-7,A,3,3xKsf9qdS1CyvXSMEid6g8,Boys Don't Cry,QZ5C81600003,Theresa
414,Buddy Holly,Weezer,121,4B,92,2025-11-09,02:39,77,alternative rock,Rock,Weezer,1994-05-10,56,0,0,77,0,10,-5,G#/A♭,4,3mwvKOyMmG77zZRunnxp9E,DGC,USGF19562907,Theresa
415,Wat's Wrong (feat. Zacari & Kendrick Lamar),"Isaiah Rashad, Zacari, Kendrick Lamar",126,3B,69,2025-11-09,05:30,66,"hip hop, west coast hip hop",Hip Hop,The Sun's Tirade,2016-09-02,71,15,0,31,20,40,-6,C♯/D♭,4,2RPbEp0DyBVlkRvvYKopO7,Top Dawg Entertainment,TCACR1650835,Theresa
416, DEVILS NEVER CRY (スタッフロール),Capcom Sound Team,150,9B,95,2025-11-09,05:19,0,"japanese vgm, soundtrack","Electronic, Classical, Easy Listening",デビル メイ クライ 3 オリジナル・サウンドトラック,2005-03-31,26,0,4,16,10,10,-7,G,4,3ozivYJGJGq6TSzdy8m64X,カプコン セルピュータ,JPE100500980,Theresa
417,Monster Of God,Yasushi Ishii,84,4A,28,2025-11-09,02:45,11,,,Hellsing Intro,2015-05-03,23,57,89,7,0,0,-11,F minor,3,34uJnLudlJiasZSKHhWx0X,9326079 Records DK,QZWFL2548559,Bryce
418,Hunting Soul - English Version,"トシロウ（CV.谷山紀章）, Marc Hudson",174,1B,96,2025-11-09,03:56,60,"anime, power metal","Pop, Metal",Hunting Soul (from  Dan Da Dan  Season 2 Soundtrack),2025-08-08,27,0,0,11,10,20,-5,B,4,4gWbjrtwCsh9lwPE7l4h0c,Milan Records,JPE302501047,Bryce
419,Drift Around!,"Breeton Boi, V!CE",170,11A,95,2025-11-09,02:38,21,"anime rap, anime","Pop, Hip Hop",PERSONA-FICATION,2025-02-28,45,7,0,66,10,20,-7,F#/G♭ minor,4,5OF3BHMoCd3j8xtLw5RfgW,Breeton Boi,QZHN42553569,Bryce
420,Brainstorm,"Breeton Boi, V!CE",130,10A,63,2025-11-09,03:00,19,"anime rap, anime","Pop, Hip Hop",PERSONA-FICATION,2025-02-28,88,7,0,60,20,0,-11,B minor,4,18dwNGSwj0PzyR76rjnnAN,Breeton Boi,QZHN42553571,Bryce
421,"King's Dead (with Kendrick Lamar, Future & James Blake)","Jay Rock, Kendrick Lamar, Future, James Blake",137,3B,71,2025-11-09,03:49,67,"hip hop, west coast hip hop, rap",Hip Hop,"King's Dead (with Kendrick Lamar, Future & James Blake)",2018-01-12,65,0,0,38,30,10,-5,C♯/D♭,4,51rXHuKN8Loc4sUlKPODgH,Black Panther (TDE/DMG) PS,USUM71714093,Bryce
422,Now That You've Gone (aka Now That You've Gone Away) (Puisaue Tu Pare),Connie Stevens,100,5B,42,2025-11-14,03:09,6,doo-wop,"Pop, R&B",The Very Best Of Connie Stevens,2012-07-25,42,93,0,35,0,20,-11,D#/E♭,4,44tD9x7HhCE5tYh88zzyrt,Rhino/Warner Records,USWB10403754,Angel
423,Kingdom Hearts Key (ft. redveil),"JPEGMAFIA, Danny Brown, redveil",133,2B,93,2025-11-11,03:25,54,"experimental hip hop, alternative hip hop, experimental, underground hip hop","Hip Hop, Electronic, Jazz, Rock",SCARING THE HOES,2023-03-24,37,7,0,44,20,20,-2,F#/G♭,4,0VA5FzFlysCcSG1IdOkhUb,"2023 PEGGY under exclusive license to AWAL Recordings America, Inc.",QM4TX2336653,Micah
424,The Story of O.J.,JAY-Z,166,9B,72,2025-11-11,03:51,60,"hip hop, east coast hip hop, rap",Hip Hop,4:44,2017-07-07,74,28,0,58,40,20,-6,G,4,6JpN5w95em8SODPiM7W2PH,Roc Nation / Jay-Z,QMJMT1701231,Micah
425,Weird Fishes / Arpeggi,Radiohead,153,10A,61,2025-11-11,05:18,79,"art rock, alternative rock",Rock,In Rainbows,2007-12-28,53,77,76,20,0,0,-8,B minor,4,4wajJ1o7jWIg62YqpkHC7S,XL Recordings,GBSTK0700004,Puffy
426,Control,Battle Tapes,115,11B,92,2025-11-11,03:10,33,,,Form,2017-07-14,62,0,0,55,0,0,-3,A,4,576EH31cSi4OYtW2tFd7Yh,Snafu Records,QM24S1702065,Clark
427,Судно (Борис Рыжий),Molchat Doma,160,3B,75,2025-11-11,02:21,73,"post-punk, darkwave, cold wave, gothic rock","Electronic, Rock",Этажи,2018-09-07,48,70,86,47,0,10,-4,C♯/D♭,4,1SHB1hp6267UK9bJQUxYvO,Sacred Bones Records,AEA0D1846146,Clark
428,明日があるさ,Kyu Sakamoto,95,4B,56,2025-11-11,03:17,39,"kayokyoku, enka","Traditional Music, Pop",ベスト9!,2009-09-09,58,57,0,79,0,0,-5,G#/A♭,4,7edUqTDihMDPMZmjHKvD6F,Universal Music LLC,JPTO07614790,Clark
429,Los Mejores Años de Nuestra Vida,Los Sirex,135,11B,72,2025-11-11,03:23,1,,,Los Sirex. 50 Aniversario,2009-01-01,55,48,0,77,0,20,-2,A,4,3Ve6TjPZfdybgwQvgvytYa,OK Records,ES64A0927021,Clark
430,Compass,Mili,88,3B,58,2025-11-13,02:48,64,anime,Pop,Compass,2023-12-18,51,16,40,19,0,10,-11,C♯/D♭,4,2Pg7QBO36ycIlNcK9aBJl0,HAAKO Records,TCJPY2344522,Aiden
431,Love Takes Miles,Cameron Winter,130,12B,64,2025-11-15,03:18,71,,,Heavy Metal,2024-12-06,60,67,20,53,0,10,-9,E,4,2zf1izCOz2F22PF27uhxRF,Partisan / Play It Again Sam,USBQU2400171,Tony
432,Kagefumi,百景,135,10B,64,2025-11-17,04:54,59,"math rock, japanese indie, midwest emo, post-rock, shoegaze","Pop, Rock",Standing Still In A Moving Scene,2006-06-07,35,25,88,13,0,10,-9,D,4,4VgGQi9FZMrNG4MuiONldI,Human Highway Records,JPZ100600074,Jean
433,Red String,Sweet Pill,184,11B,56,2025-11-17,03:16,47,"midwest emo, math rock",Rock,Where the Heart Is,2022-05-25,43,1,0,32,0,10,-7,A,4,6YkeaJLKrR6RtSY2pJB2fs,Topshelf Records,USEZ62225609,Jean
434,Mata Hari,The Atomic Fireballs,121,10A,99,2025-11-20,03:44,30,"swing music, big band, boogie-woogie","Jazz, Blues",Torch This Place,1999-05-14,63,0,0,59,10,0,-2,B minor,4,4dz1G68QyAmn7JFO4dVWk0,Atlantic Records,USAT29900131,Gabe
435,Automatic,Iration,135,9B,67,2025-11-20,04:31,47,"reggae rock, reggae, reggae pop, roots reggae","Reggae, Rock",Automatic,2013-07-02,77,5,0,87,0,0,-6,G,4,7jut3RkkxQpJAzMovUefDz,Three Prong Records under exclusive license from Iration Holdings,USQY51285928,Gabe
436,The Place Where He Inserted the Blade,"Black Country, New Road",123,1B,45,2025-11-20,07:13,61,"art rock, post-rock",Rock,Ants From Up There,2022-02-04,38,40,0,16,0,10,-8,B,3,3k2kIiJqUiIP49iUcOLpWT,Ninja Tune,GBCFB2100672,Tony
437,Here Today,The Beach Boys,121,11B,64,2025-11-24,03:07,45,baroque pop,"Classical, Pop",Pet Sounds,1966-05-16,53,51,0,61,0,20,-8,A,4,2QHf2UijcOOpLgEsA3YOjm,Capitol Records,USCA29600663,Puffy
438,For The Weekend,SASAMI,180,5B,94,2025-11-24,02:48,25,,,Blood On the Silver Screen,2025-03-07,35,1,0,72,0,30,-6,D#/E♭,4,3aEL5BEVGThlYhaYPVmO50,Domino Recording Co,GBCEL2400176,Sarah
439,Let Me Be With You,ROUND TABLE featuring Nino,130,10B,95,2025-11-25,04:29,51,"shibuya-kei, japanese indie, anime","Pop, Rock, Electronic",APRIL,2003-04-23,63,12,0,84,0,30,-5,D,4,4UBt00S6TNsKwgfxMcfNal,Victor,JPVI00209150,Eunice
440,KONNANじゃないっ!,澤村 遥(釘宮理恵),155,7A,92,2025-11-25,05:10,40,,,龍が如く5 夢、叶えし者 オリジナルサウンドトラック (Vol.2),2012-12-26,52,10,0,62,0,20,-4,D minor,4,7d9SZZEOhF49sVaGRfPKv0,SEGA,JPR501205935,Eunice
441,うまぴょい伝説 - Game Size,Various Artists,170,9A,97,2025-11-26,02:18,0,,,『ウマ娘 プリティーダービー』WINNING LIVE 01,2021-03-17,50,17,0,49,20,30,-4,E minor,5,7CPe0OIEIdeKEGH5EPqIEC,Lantis,JPZ922101722,Eunice
442,Atop a Cake,Alvvays,167,12B,84,2025-11-26,03:19,49,"dream pop, shoegaze, jangle pop, indie","Pop, Rock",Alvvays,2014-07-22,28,33,49,45,0,30,-4,E,4,6LC4cyrlOPeg2WXijaYrgj,Polyvinyl Records,US3R41428208,Eunice
443,Suicide of the 21st century,0.8Syooogeki,154,7B,98,2025-11-26,02:20,48,"visual kei, j-rock, shibuya-kei","Rock, Electronic, Pop, Metal",ESUNOFANKYDOFUTOEFUSUKICAMCAMCULB,2010-08-04,62,0,3,96,0,10,-3,F,4,6lkJKbOu7COoTKAqpC7xyR,actwise / MOONSHINE Inc.,JPD361000035,Eunice
444,Winter Snakes,Joy Again,172,12B,42,2025-11-26,03:56,40,,,Joy Again,2017-01-17,35,20,0,19,0,0,-8,E,3,5A7ldx7fFEEsHvl5XEnGUA,Never Grow Up Records,uscgh1723893,Eunice
445,Sugar Boo,Serani Poji,90,4B,95,2025-11-26,03:33,52,"shibuya-kei, japanese indie","Pop, Rock, Electronic",MERRY GO ROUND JAILHOUSE,2010-03-03,67,37,7,96,0,10,-7,G#/A♭,4,3zeV6b2FMFsLHopzHHnS6J,WAVEMASTER ARTISTS,JPX301055210,Eunice
446,"Mais, non !",GIRLS BE,175,10B,78,2025-11-27,04:40,20,"shibuya-kei, japanese indie, city pop","Pop, Rock, Electronic",The French Operation,1997-08-21,40,0,9,48,0,10,-6,D,4,4j1F1van0g5sup8qKW4n5m,Victor,JPVI09717580,Eunice
447,La promesse de Cecile,GIRLS BE,125,11A,83,2025-11-27,04:48,24,"shibuya-kei, japanese indie, city pop","Pop, Rock, Electronic",The French Operation,1997-08-21,75,3,52,97,0,30,-10,F#/G♭ minor,4,5EPzSTLbLRosu217Z2C3FN,Victor,JPVI09717630,Eunice
448,Caution,The Killers,178,9B,89,2025-11-28,04:29,58,alternative rock,Rock,Imploding The Mirage,2020-08-21,23,2,0,8,10,0,-5,G,4,111HOSfnPX1mCxwwb49BCY,Island Records,USUM72005111,Clark
449,Forget About What I Said - Bonus Track,The Killers,156,3B,97,2025-11-28,02:56,36,alternative rock,Rock,Day & Age (Bonus Tracks),2008-11-18,38,0,4,44,0,20,-5,C♯/D♭,4,4gcrcyOsydOBsmc9o1XnS0,Island Records,USUM70844200,Clark
450,Just Another Girl,The Killers,137,3B,78,2025-11-28,04:21,43,alternative rock,Rock,Direct Hits,2013-01-01,55,0,1,16,0,10,-5,C♯/D♭,4,7Ag7dMaWTAYGkaAPghEtyw,Island Records,USUM71312001,Clark
451,６つ子の魂ナユタまで,AOP,140,11A,96,2025-11-28,04:08,24,anime,Pop,A応P the BEST ～From A～,2021-03-31,60,1,0,79,0,20,-4,F#/G♭ minor,4,75kMexSbGL06C3E3KBO5ah,"アニメ勝手に""応援プロジェクト""",TCJPO2159977,Eunice
452,ゴクドルミュージック,ゴクドルズ虹組,174,12A,98,2025-11-28,03:32,21,anime,Pop,ゴクドルミュージック,2018-08-29,59,60,0,67,10,10,-4,C♯/D♭ minor,4,3x3BqSrtE0hXSHXjZmjD0w,Universal Music LLC,JPPO01803368,Eunice
453,we found two dead swans and filled their bodies with flowers,Teen Suicide,88,12B,24,2025-11-28,02:27,35,"lo-fi indie, midwest emo","Electronic, Rock",dc snuff film / waste yrself,2015-10-07,52,91,0,12,0,10,-9,E,1,7mAflP0IlAsIrGP3ed74d1,Run For Cover Records,QMCE71300301,Eunice
454,Au Pays du Cocaine,Geese,79,4B,65,2025-12-01,03:30,72,art rock,Rock,Getting Killed,2025-09-26,43,24,0,54,0,10,-6,G#/A♭,4,1g9GiiPPaL7KcDHlDzu7lT,Partisan / Play It Again Sam,USBQU2500083,Tony
455,Fly In The Freedom,SEGA SOUND TEAM,121,10A,81,2025-12-01,04:58,45,"japanese vgm, soundtrack","Electronic, Classical, Easy Listening",Sonic The Hedgehog ”Passion & Pride” Anthems with Attitude from the Sonic Adventure Era (Vox Collection),2014-09-10,66,31,2,84,0,10,-8,B minor,4,5axenkAeQSXtrKnCvzQOHG,WAVEMASTER ENTERTAINMENT,JPX301496630,Tony
456,Spaceman,The Killers,152,12B,88,2025-12-01,04:44,28,alternative rock,Rock,Rebel Diamonds,2023-12-08,52,0,0,81,0,10,-6,E,4,0qitgobJMCnKEpp0HVWslu,Island Records,USUM70842814,Clark
457,25 or 6 to 4 - 2002 Remaster,Chicago,147,9A,91,2025-12-01,04:49,64,"yacht rock, soft rock","Rock, Pop",Chicago II,1970-01-26,60,31,6,72,0,0,-7,E minor,4,7GqIDx2QVGOpd4r1fZaUUW,Rhino,USRH10285518,Clark
458,Lisrim (Golden),Lies of P,155,10A,51,2025-12-01,03:32,39,,,Lies of P: Overture (ORIGINAL SOUNDTRACK),2025-09-19,58,46,35,56,0,10,-9,B minor,4,2ZmDLM1dEqIEfIJtxcXgaa,NEOWIZ,KRMIM2547164,Angel
459,Just The Two Of Us,"Marcin, Ichika Nito",101,11A,56,2025-12-01,01:41,49,math rock,Rock,Just The Two Of Us,2023-03-03,67,24,48,65,0,0,-9,F#/G♭ minor,4,6gzegpwruMz6a0LzeRpF4L,Masterworks,USSM12300756,Sam
460,Starship Syncopation,"Cory Wong, Metropole Orkest, Jules Buckley",120,6B,86,2025-12-01,03:50,47,"funk, jazz funk, jazz fusion","R&B, Jazz, Electronic, Rock",Starship Syncopation,2024-07-26,79,23,92,83,0,10,-7,A#/B♭,4,0p1Mp6sT4Nzq3DWnZPvqs8,"Roundwound Media, LLC.",QZPLR2487964,Sam
461,Be Nice To Me,The Front Bottoms,119,5B,82,2025-12-02,02:47,64,"midwest emo, folk punk, emo","Rock, Folk",Rose,2014-06-17,34,2,0,70,0,10,-6,D#/E♭,4,7FtWXX2sRIGx95t3cPyHw8,Bar/None Records,US37V1422705,Nora
462,The Lipstick Lounge,76th Street,128,6B,67,2025-12-02,02:56,42,,,The Lipstick Lounge,2023-09-29,81,16,0,59,10,10,-6,A#/B♭,4,58YIFyWMKJZum8LlU41OAN,76th Street,USL4Q2339009,Nora
463,Mawce,Everybody's Worried About Owen,69,1A,47,2025-12-02,03:02,46,"midwest emo, folk punk","Folk, Rock",There Are Leeches In Denton Lake,2021-09-10,33,67,0,62,0,10,-9,G#/A♭ minor,3,4NVrOwMRWnKcDTESVVqMXM,"Everybody's Worried About Owen, under exclusive license to Amuseio AB",QZK6P2185870,Nora
464,DEBT COLLECTOR,Jhariah,193,3B,92,2025-12-02,02:32,51,,,A BEGINNER'S GUIDE TO FAKING YOUR DEATH,2021-07-23,42,0,0,39,10,10,-4,C♯/D♭,4,1b9K8zcencFmQl68Oot9DS,Jhariah,QZK6P2139533,Nora
465,House Is Not a Home,the Blue Devils,148,4B,70,2025-12-02,01:01,48,,,The Beat My Heart Skipped,2011-08-13,15,70,92,37,0,0,-7,G#/A♭,4,49dRXhDWFtG2Et5IxT0lxn,Blue Devils Mediabox,TCABA1128165,Nora
466,1-Up,Cricket!,146,7B,84,2025-12-02,03:27,35,"folk punk, anti-folk","Folk, Rock",Lucky Cricket,2023-06-30,57,80,0,62,30,30,-7,F,4,76xol14dA6ROwXiq935rMr,Cricket's Tunes,QZNWQ2397604,Nora
467,アブノーマリティ・ダンシンガール,ぐちり,110,7A,90,2025-12-02,03:28,61,vocaloid,Electronic,憂象夢象,2021-09-20,52,7,0,28,0,20,-5,D minor,4,3sWcYSiFPCL5CNzU0H5Wau,U&R records,JPA652105408,Nora
468,Machine Love,Jamie Paige,175,4A,82,2025-12-02,03:36,35,vocaloid,Electronic,Constant Companions (Deluxe Edition),2024-07-11,64,23,1,63,0,0,-6,F minor,4,0vieqs2SQYZWIR9olTDYes,Sunrise 101.1,QT3FA2515952,Nora
469,Lost Umbrella,INABAKUMORI,137,6B,92,2025-12-02,03:24,68,"vocaloid, j-pop, anime","Pop, Electronic",ANTICYCLONE,2019-11-17,72,4,0,97,0,20,-3,A#/B♭,4,2zAi85TQB7mLzl8P1ySAj9,U&R records,JPA651804033,Nora
470,4K CARPET,passengerprincess,160,3B,82,2025-12-02,02:00,56,hyperpop,"Electronic, Pop",4K CARPET,2025-10-03,59,11,0,90,10,0,-2,C♯/D♭,4,284qRqsftKxNPWrejNEewL,@4kcarpet,QZZ7W2578397,Nora
471,FUKOUNA GIRL,STOMACH BOOK,163,4B,99,2025-12-02,03:53,65,,,GOODNIGHT HYPNOPOMP,2025-07-03,41,36,0,34,10,20,-1,G#/A♭,4,6RyCpAEHMj1nbopw1g2TsO,Spikechain Records,QZTAX2466153,Nora
472,God Must Hate Me,Catie Turner,77,10B,30,2025-12-02,02:29,56,,,God Must Hate Me,2021-11-23,46,97,0,7,10,10,-10,D,3,21xzFXSL2XkZ2mIzDDAqTK,Atlantic Records,USAT22107483,Nora
473,Seventh Heaven,INOHA,163,9B,90,2025-12-02,03:54,69,,,ALOHA INOHA,2024-05-03,43,0,0,48,0,30,-7,G,4,2x6iNna6wQexggFz8smJcB,INOHA Publishing,QZDA72402508,Nora
474,Unsweetened Lemonade (Stripped),Amélie Farren,120,6B,46,2025-12-02,02:12,55,,,Unsweetened Lemonade (Stripped),2024-02-02,79,57,0,72,0,0,-11,A#/B♭,4,2qn09TDvmIHiTkMDAIuDA9,Amélie Farren / TNP Music,GBLFP2435209,Nora
475,Average,Sushi Soucy,165,8B,26,2025-12-02,02:00,51,,,Average,2021-11-12,57,77,0,19,0,10,-13,C,3,0L0qikeCR07Gm1Ep7Gipkv,Sushi Soucy,TCAFX2103367,Nora
476,Friendly Neighborhood Poltergeist,Rory Webley,108,5A,60,2025-12-02,03:01,48,,,Are You Scared Yet?,2020-07-10,65,43,0,13,0,10,-6,C minor,4,1ar6wTpooDS4vTlWg7YkN2,RCW Records,US23A1501854,Nora
477,Prom Queen,Beach Bunny,143,12B,80,2025-12-02,02:16,80,,,Prom Queen,2018-08-10,53,0,1,76,0,10,-7,E,4,6GJdFTOm23lC5bqjYSMJTj,Mom+Pop,QZDA71885746,Nora
478,Notion,The Rare Occasions,159,11B,88,2025-12-02,03:15,84,,,Notion,2021-12-02,31,7,0,31,0,0,-4,A,4,0sTlGEld0h8kIPZaKDYUf4,Elektra (NEK),USHM21617726,Nora
479,Hey Lover!,Wabie,117,12B,71,2025-12-02,02:42,61,bedroom pop,Pop,Cyclones and Hey Lover,2019-06-18,58,0,0,52,0,30,-11,E,4,1E5bfMPGyHlMLljzF1FWU6,Wabie Records,QZWFJ2518915,Nora
480,Digital Silence,Peter McPoland,180,3A,97,2025-12-02,03:18,63,,,Piggy,2023-08-11,39,9,0,45,10,20,-1,A#/B♭ minor,4,05UdmOwDMr4LsAk56AFfsE,Columbia,USSM12302063,Nora
481,Promise,Laufey,76,7B,11,2025-12-02,03:54,78,,,Bewitched,2023-09-08,26,94,0,9,0,0,-17,F,4,08PdFBcXzpkn1cWNgmKqhn,Laufey,QMDA62312092,Nora
482,Radio,Bershy,132,8B,79,2025-12-02,03:21,77,,,Radio,2022-10-07,67,17,0,72,0,10,-5,C,4,3l8ACerUtJfRd0rxJJ4Gkx,Bridge Between Records,GBWUL2270670,Nora
483,"Go Easy, Kid (with James Blake)","Monica Martin, James Blake",122,5B,20,2025-12-02,04:27,35,,,"Go Easy, Kid (with James Blake)",2022-02-24,39,96,0,25,0,10,-13,D#/E♭,4,6SRgFtpZmRsYNR3Kj5sHCf,things we like,GBKPL2283734,TJ
484,Stop This Train,John Mayer,90,9B,44,2025-12-02,04:45,62,singer-songwriter,Folk,Continuum,2006-09-11,62,47,1,41,0,10,-12,G,4,3E6iea9uEmB7gRru4lyP6h,Aware/Columbia,USSM10603631,TJ
485,Don't Think About My Death,The Wood Brothers,115,8A,74,2025-12-02,03:38,13,"bluegrass, newgrass, americana, folk","Country, Folk",Kingdom in My Mind,2020-01-24,58,27,0,79,0,10,-8,A minor,4,0WcGi8He0sFX8oJpAp79rN,Honey Jar Records,USCTT1900019,Shelbie
486,これが私の生きる道 - Full-大編成 Ver.,北宇治高校吹奏楽部,124,12A,58,2025-12-02,03:38,0,brass band,"Classical, Traditional Music",『劇場版 響け！ユーフォニアム～誓いのフィナーレ～』オリジナルサウンドトラック「The Endless Melody」 (Incomplete Edition),2019-05-22,64,58,34,76,0,30,-8,C♯/D♭ minor,4,0gzymHa4J5ksjvx5PoVONZ,Lantis,JPI101900821,Shelbie
487,Cover of Me,SUGR?,108,3B,86,2025-12-02,03:00,33,,,Cover of Me,2023-07-28,70,7,0,77,0,0,-3,C♯/D♭,4,6xSGp1DgLp1MMpNUntpXG5,SUGR?,TCAHH2360565,Sarah
488,Grapes,James Marriott,132,10B,93,2025-12-02,03:45,58,,,Bitter Tongues,2022-06-24,53,0,0,62,0,20,-4,D,4,5XKJ5JwJeeQbLjeXF9ieCI,James Marriott,USA2P2226310,Sarah
489,Down Under,Men At Work,107,10A,46,2025-12-03,03:42,82,,,Business As Usual,1981-11-09,74,13,2,89,0,0,-14,B minor,4,3ZZq9396zv8pcn5GYVhxUi,Columbia,USSM18100411,Miller
490,Shoop,Salt-N-Pepa,97,8B,67,2025-12-03,04:08,72,old school hip hop,Hip Hop,Very Necessary,1993-10-12,94,9,0,79,20,0,-7,C,4,0Pu71wxadDlB8fJXfjIjeJ,Mercury Records,USWWW0126118,Bryce
491,空色デイズ,Shoko Nakagawa,174,10A,95,2025-12-03,04:12,58,"anime, j-rock, j-pop","Pop, Rock",しょこたん☆べすと――(°∀°)――!!,2007-00-00,38,0,0,54,10,20,-3,B minor,4,4EkbGJChszyxhEP0bIwBSZ,Sony Music Labels Inc.,JPSR00701221,Bryce
492,Scent Of Love,Helena Noguerra,142,2A,94,2025-12-03,03:25,42,french pop,Pop,パチスロ ベヨネッタ サウンド･トラック,2016-03-16,51,0,0,56,0,30,-7,D#/E♭ minor,4,7jmo9JsmUDycEnubrAtaPo,WAVE MASTER,JPR501513897,Bryce
493,Baby It's Cold Outside (with Michael Bublé),"Idina Menzel, Michael Bublé",113,8B,48,2025-12-03,02:46,86,"musicals, christmas","Pop, Classical, Easy Listening",Holiday Wishes,2014-10-10,55,65,0,56,0,20,-9,C,3,0Ie5uiv54KgCr7P4sYDTHl,Warner Records,USWB11402616,Bryce
494,Une vie à t'aimer,"Lorien Testard, Alice Duport-Percier, Victor Borba",180,9A,86,2025-12-03,11:00,69,soundtrack,"Classical, Easy Listening",Clair Obscur: Expedition 33 (Original Soundtrack),2025-04-24,16,6,0,7,20,30,-4,E minor,4,4QEXM9na0mWIIt5Hwbsges,Laced Records,NL8RL2513794,Micah
495,Désolé (feat. Fatoumata Diawara) - Extended Version,"Gorillaz, Fatoumata Diawara",136,9A,69,2025-12-03,05:33,55,,,"Song Machine, Season One: Strange Timez (Deluxe)",2020-10-23,73,34,23,86,0,0,-8,E minor,4,7rhtPZkcGCWgA3kizGwXwO,Parlophone UK,GBAYE2000649,Puffy
496,Talk Too Much,COIN,104,12B,89,2025-12-03,03:08,64,,,How Will You Know If You Never Try,2017-04-21,60,1,0,48,0,30,-5,E,4,4djIFfof5TpbSGRZUpsTXq,StarTime International/Columbia,USSM11602662,Puffy
497,Here Come The Aliens!,Seb Lowe,126,10A,81,2025-12-03,03:35,44,,,Here Come The Aliens!,2025-02-12,57,0,0,47,0,20,-6,B minor,4,0c9HS1NHLhLY6rhKWS6ufE,Independent,UKXN22540635,Gabe
498,Achilles Come Down,Gang of Youths,180,5A,52,2025-12-03,07:02,66,,,Go Farther In Lightness,2017-08-18,22,44,28,15,0,20,-9,C minor,3,22TntnVO3lQNDR5nsvxGRs,Mosy Music,AUBM01700503,Gabe
499,I Will Never (Be Your Friend),Irish Stew of Sindidun,122,8B,91,2025-12-05,05:06,22,"celtic rock, celtic punk, celtic","Folk, Traditional Music, Rock",Dare to Dream,2008-01-01,54,16,0,56,0,20,-4,C,4,5OKPWZpiKFdTQWEBXBKL5I,Phonofile Balkan,NOAPI1588076,Sarah
500,She's So Nice,Pink Guy,86,11A,58,2025-12-07,02:43,60,,,Pink Season,2017-01-04,83,60,0,59,10,0,-8,F#/G♭ minor,4,0Dfctnkk9xIikDKJ06uwzo,Pink Records,QZ4JJ1704549,Kathryn
601,Dragostea din tei,O-Zone,130,8B,97,2025-12-07,03:35,71,"europop, eurodance","Electronic, Pop",DiscO-Zone,2004-02-23,80,18,0,68,0,0,-4,C,4,52Zr0sinhWTCRrQhRRY4EP,Cat Music,ROMSA0600487,Kathryn
602,From The Start,Laufey,81,3B,34,2025-12-07,02:49,87,,,Bewitched,2023-09-08,55,89,0,83,0,10,-10,C♯/D♭,4,43iIQbw5hx986dUEZbr3eN,Laufey,QMDA62312093,Aiden
603,Push The Pace,"temcandoanything, Kasane Teto, GUMI",117,9A,72,2025-12-07,03:02,44,"vocaloid, anime","Pop, Electronic",Push The Pace,2025-11-28,74,44,3,43,0,10,-6,E minor,4,3rJbcXJdRGtZhehHWO0j6j,temcandoanything,QT3FC2588167,Aiden
604,Take Your Own Advice,Venjent,172,7B,96,2025-12-07,03:23,43,drum and bass,Electronic,Take Your Own Advice,2025-10-13,27,1,3,6,30,10,-2,F,4,1vhYsmV8hxv2qxDMySDz88,Chilli Tribe Records,QZYD92500482,Sam
605,Dawson's Christian,Vic Tyler,123,10B,45,2025-12-07,04:58,21,sea shanties,Traditional Music,Dawson's Christian,2023-03-15,78,82,0,77,0,10,-12,D,4,0vM43BV3MEXkzAfg4ERZ57,Prometheus Music,usdy42339749,Miller
606,Dracula,Tame Impala,115,2A,73,2025-12-07,03:25,84,"neo-psychedelic, indie","Pop, Rock",Dracula,2025-09-26,42,3,0,61,0,30,-4,D#/E♭ minor,4,709ZIqPHyFOpx2QdjmeWAM,Columbia,USQX92504223,Jean
607,Children,BIN,180,12A,78,2025-12-07,02:52,0,"japanese indie, j-pop, j-rock","Pop, Rock",Children,2019-04-03,53,6,0,78,10,0,-3,C♯/D♭ minor,4,74h5v849XYYyASTighDtoa,BIN,TCJPI1984412,Jean
608,No. 1 Obsession,5 Seconds of Summer,138,10A,93,2025-12-07,03:05,61,,,EVERYONE'S A STAR! (Fully Evolved),2025-11-17,32,0,0,26,10,10,-3,B minor,4,5enE6FKFZzS2nNKpOfy5eU,5 Seconds Of Summer,USUG12507984,Hannah
609,Sick of Myself,5 Seconds of Summer,150,9B,93,2025-12-07,02:27,59,,,EVERYONE'S A STAR! (Fully Evolved),2025-11-17,33,0,0,24,20,0,-1,G,4,6AXh6IRCj8c2oKkWXY1MDQ,5 Seconds Of Summer,USUG12507989,Hannah
610,under the mat,sombr,120,8B,90,2025-12-07,04:44,68,,,I Barely Know Her,2025-08-22,46,11,0,33,0,10,-3,C,4,3t6vhRYuIpX4zlHCTC2h1d,Warner Records,USWB12503047,Hannah
611,HERE WE GO! - from the Netflix film  Beverly Hills Cop: Axel F ,Lil Nas X,158,4A,72,2025-12-07,03:12,53,,,HERE WE GO! (from the Netflix film  Beverly Hills Cop: Axel F ),2024-06-28,65,1,0,42,0,40,-7,F minor,4,4xntqnsHQA93Ai8Jcyx31j,Columbia,USSM12404720,Hannah
612,Off To The Races,Lana Del Rey,160,9A,72,2025-12-07,04:59,47,,,Born To Die,2012-01-30,40,6,0,14,0,40,-6,E minor,4,7grzMnF1FHponm2aJBWj8E,Polydor Records,GBUM71111530,Hannah
613,This Is What Makes Us Girls,Lana Del Rey,138,7A,83,2025-12-07,03:58,42,,,Born To Die,2012-01-30,53,11,2,42,10,20,-7,D minor,4,3ZYt97JWngJExm368cOrYc,Polydor Records,GBUM71111605,Hannah
614,Yours,Conan Gray,130,10B,30,2025-12-07,03:24,64,,,Superache,2022-06-24,52,85,0,17,0,10,-9,D,4,3rPVtXLBfJz59U1LgrGHhb,Republic Records,USUM72204106,Hannah
615,Boys & Girls,Conan Gray,116,6B,77,2025-12-07,02:22,55,,,Found Heaven,2024-04-05,68,0,0,80,0,10,-5,A#/B♭,4,1jGC00ZVUuVXwNdJjV17kJ,Republic Records,USUM72400709,Hannah
616,SPLASH FREE,STYLE FIVE,128,10A,98,2025-12-07,03:58,31,anime,Pop,SPLASH FREE,2013-08-07,69,16,0,80,0,10,-3,B minor,4,1s5NxPAmKw8IxkSoZLfhgF,Lantis,JPI101301579,Hannah
617,FLY HIGH!!,BURNOUT SYNDROMES,95,1B,96,2025-12-07,04:04,1,"anime, j-rock, j-pop","Pop, Rock",Lemon,2016-11-29,47,1,0,35,0,30,-1,B,4,1y3Ml1b1c4v3ZdpbWLKD1F,Sony Music Labels Inc.,JPU901503546,Hannah
618,How to Be a Heartbreaker,MARINA,140,10A,90,2025-12-07,03:41,68,,,Electra Heart (Deluxe),2012-04-27,69,1,0,85,0,10,-5,B minor,4,2sEk5R8ErGIFxbZ7rX6S2S,Atlantic Records UK,GBFFS1200077,Hannah
619,A Kiss,THE DRIVER ERA,170,2B,92,2025-12-07,04:31,57,,,Girlfriend,2021-10-15,70,21,0,64,20,10,-5,F#/G♭,4,7b4iOHMngSAFhgN120hbWB,BMG Rights Management (US) LLC,QMRSZ1902134,Hannah
620,She's My Religion,Pale Waves,162,12B,73,2025-12-07,03:09,44,,,Who Am I?,2021-02-12,52,35,0,33,0,10,-4,E,4,0LwJllN73QYBHEBdGUTyEp,Dirty Hit,GBK3W2001565,Hannah
621,Freakin' Out On the Interstate,Briston Maroney,144,12B,79,2025-12-07,04:11,70,,,Freakin' Out On The Interstate (Acoustic Version [Live]),2020-07-10,45,39,0,36,0,30,-5,E,4,0awZwmlC6pxH65KTZpadmX,Canvasback/ATL,QZBRF1882980,Hannah
622,The Other Side Of Paradise,Glass Animals,128,10A,34,2025-12-07,05:20,68,,,How To Be A Human Being,2016-08-26,69,35,0,57,0,0,-8,B minor,4,0rRjGruFonCGOt0S5zAJNQ,Wolf Tone,GB2DY1600028,Hannah
623,Hush Hush,The Band CAMINO,104,9B,95,2025-12-07,02:57,48,,,tryhard,2019-08-23,56,0,0,76,10,10,-4,G,4,3ePeWP6f8ccQtF7wayoNrD,Elektra (NEK),USAT21904256,Hannah
624,Love You When I'm Drunk,MIKA,132,8B,86,2025-12-07,02:52,32,,,The Origin Of Love (Deluxe),2012-01-01,66,14,0,92,0,30,-4,C,4,62tH3Zbrh8ClnMqHSzLxrI,Casablanca Records/Island UK,USC7R1200012,Hannah
625,Like Boys,Hyphen Hyphen,89,4A,76,2025-12-07,03:10,26,french indie pop,Pop,Like Boys,2018-03-02,57,0,0,41,0,0,-6,F minor,4,00Do6AxXoO7o8VvRPvvRKZ,Parlophone (France),FRZ041800208,Hannah
626,Friday Night Big Screen,girli,142,8B,55,2025-12-07,03:29,40,,,Odd One Out,2019-04-05,52,7,0,37,0,10,-8,C,4,4paRZHI6TDdNVUx3jV2rri,EMI,GBUM71807930,Hannah
627,RICKY,Denzel Curry,169,11B,56,2025-12-08,02:27,58,,,ZUU,2019-05-31,78,4,0,52,30,10,-7,A,4,2QbGvQssb0VLLS4x5NOmyJ,Loma Vista Recordings,USC4R1902692,Bryce
628,HEROES,GLAY,107,7B,95,2025-12-11,04:16,28,"visual kei, j-pop, j-rock, kayokyoku","Pop, Rock, Metal",HEROES/微熱Ⓐgirlサマー/つづれ織り～so far and yet so close～,2015-05-25,52,3,0,65,0,10,-3,F,4,1unOFM2AvR2SWp9lwVeznF,LSG,JPPC01500817,Hannah
629,Flow Together,Masayoshi Soken,92,4A,64,2025-12-10,04:23,33,soundtrack,"Classical, Easy Listening",ENDWALKER: FINAL FANTASY XIV Original Soundtrack,2022-02-23,48,1,0,37,0,0,-8,F minor,4,2AeLIWmDZRAJWfc08BRZiP,スクウェア・エニックス ミュージック,JPA842101868,Micah
630,Play Dead - The 4AM Mix,Tom Walker,141,10A,61,2025-12-11,03:54,22,,,Blessings - EP,2017-05-12,77,33,0,26,0,10,-7,B minor,4,1Mv2zLQwfxpk6vXC88Xc6Y,Relentless Records,GBARL1700269,Hannah
631,Desvelo,echobanda,145,6A,58,2025-12-11,01:17,10,latin indie,"Latin, Rock",Escenas De Medianoche,2023-04-21,62,2,92,39,0,10,-10,G minor,4,2D18bskoV6TAzyCqR4Bf4p,echobanda,QZHN52396763,Angel
632,Afterlife Dating (Full Band),Julia Brown,141,5B,76,2025-12-11,01:36,11,lo-fi indie,"Electronic, Rock",An Abundance of B-sides,2021-05-31,36,3,20,66,0,20,-7,D#/E♭,4,1e0YtyJSnUoTMirC2DtNjR,Free Palestine,QZHN82167335,Eunice
633,sanctuary,DM DOKURO,106,7B,59,2025-12-13,05:16,43,,,The Tale of a Cruel World (Calamity Original Game Soundtrack),2020-09-25,63,17,89,6,0,10,-10,F,4,3U1Fay5iAXRodu88zW0bgX,Materia Collective,QZ6K42000853,Aiden
634,HERO 〜希望の歌〜,FLOW,175,8B,98,2025-12-15,03:37,59,"anime, j-rock, j-pop","Pop, Rock",FLOW THE MAX !!!,2013-03-27,47,0,0,65,0,30,-2,C,4,1o7D1gLUgpFR3eJfIgpSUx,Sony Music Labels Inc.,JPKS01300521,Aiden
635,Tick Tock,Joji,81,9A,61,2025-12-15,02:12,59,,,Nectar,2020-09-24,78,4,1,61,0,10,-6,E minor,4,5lmaZcnW0eOppD4hlviQHg,88rising Music,ZZOPM2002279,Aiden
636,Catastrophes before the calamity,DM DOKURO,179,8B,67,2025-12-15,04:57,41,,,The Tale of a Cruel World (Calamity Original Game Soundtrack),2020-09-25,15,1,83,6,0,0,-6,C,4,2NqFzH7HJNLQJ7A5D9QpnB,Materia Collective,QZ6K42000857,Aiden
637,Infestation,DM DOKURO,152,12A,98,2025-12-15,04:34,49,,,The Tale of a Cruel World (Calamity Original Game Soundtrack),2020-09-25,59,0,89,81,10,30,-6,C♯/D♭ minor,4,47Yh3jaeUdh3RUr9NJ2kEj,Materia Collective,QZ6K42000822,Aiden
638,Machine Love,Jamie Paige,175,4A,83,2025-12-15,03:36,69,vocaloid,Electronic,Constant Companions,2024-10-25,63,21,1,61,0,0,-5,F minor,4,1H2pPtoPS8kNlqCN7HfT6g,Sunrise 101.1,QZPJ32342607,Aiden
639,Ultra Trailer,マサラダ,155,1B,95,2025-12-15,04:33,43,vocaloid,Electronic,Ultra Trailer,2023-11-17,48,0,0,45,10,0,-3,B,4,2GJubl14NyhExeeS0Atg3K,U&R records,JPA652309679,Aiden
640,remyboyz (Jersey Club),"HydroBoi, olly",96,6A,43,2025-12-15,02:00,53,"jersey club, philly club",Electronic,remyboyz (Jersey Club),2024-04-15,66,3,4,21,0,10,-8,G minor,4,7BnajoanMeyqvZba6l0sq9,5086466 Records DK,QZK6N2468434,Aiden
641,Crucified,Army Of Lovers,122,9A,87,2025-12-15,03:34,59,europop,Pop,Massive Luxury Overdose,1991-00-00,60,0,0,47,0,30,-12,E minor,4,6fXzdWgyZhDeLmlzC7Mvco,Giant,USGI10000215,Aiden
